dataset,episode,classification,bag_duration_s,common_overlap_s,alignment_coverage_50ms,drop_events,estimated_missing,severe_gaps,usable_segments_ge_5s,usable_continuous_s,longest_continuous_s,header_clock_topics,size_bytes,errors,warnings,path
f1-5-201,episode_000000,FRAGMENT_ONLY,62.396784948,62.32687211036682,0.9957627118644068,143,162,1,2,62.104780197143555,42.76481771469116,2,830718220,,"one or more required streams has a gap >200 ms | 143 dropped-frame events, about 162 missing messages | header clock anomaly on 2 topics; convert using MCAP log_time",/home/liumouyun/extended_storage/liumouyun/Datas/f1-5-201/episode_000000
f1-5-201,episode_000001,FRAGMENT_ONLY,59.374315601,59.07512879371643,0.9966480446927374,118,132,1,2,58.8521568775177,40.498229026794434,1,789768797,,"one or more required streams has a gap >200 ms | 118 dropped-frame events, about 132 missing messages | header clock anomaly on 1 topics; convert using MCAP log_time",/home/liumouyun/extended_storage/liumouyun/Datas/f1-5-201/episode_000001
f1-5-201,episode_000002,FRAGMENT_ONLY,61.080143522,58.73350811004639,0.9887640449438202,103,137,4,4,54.29453992843628,25.194851636886597,3,797580059,,"one or more required streams has a gap >200 ms | 103 dropped-frame events, about 137 missing messages | header clock anomaly on 3 topics; convert using MCAP log_time",/home/liumouyun/extended_storage/liumouyun/Datas/f1-5-201/episode_000002
f1-5-201,episode_000003,FRAGMENT_ONLY,61.569789951,58.86574649810791,0.9904708520179372,115,151,3,4,58.130677700042725,23.80657172203064,2,794107410,,"one or more required streams has a gap >200 ms | 115 dropped-frame events, about 151 missing messages | header clock anomaly on 2 topics; convert using MCAP log_time",/home/liumouyun/extended_storage/liumouyun/Datas/f1-5-201/episode_000003
f1-5-201,episode_000004,READY,63.435858998,63.38723659515381,0.99375,147,173,0,1,63.38723659515381,63.38723659515381,2,839987755,,"147 dropped-frame events, about 173 missing messages | header clock anomaly on 2 topics; convert using MCAP log_time",/home/liumouyun/extended_storage/liumouyun/Datas/f1-5-201/episode_000004
f1-5-201,episode_000005,FRAGMENT_ONLY,68.069803922,68.03189897537231,0.9825412221144519,124,180,4,3,62.52702283859253,36.92112374305725,2,908102937,,"one or more required streams has a gap >200 ms | 124 dropped-frame events, about 180 missing messages | header clock anomaly on 2 topics; convert using MCAP log_time",/home/liumouyun/extended_storage/liumouyun/Datas/f1-5-201/episode_000005
f1-5-201,episode_000006,READY,65.41265828,65.34250545501709,0.9984856133266027,128,141,0,1,65.34250545501709,65.34250545501709,1,867147748,,"128 dropped-frame events, about 141 missing messages | header clock anomaly on 1 topics; convert using MCAP log_time",/home/liumouyun/extended_storage/liumouyun/Datas/f1-5-201/episode_000006
f1-5-201,episode_000007,FRAGMENT_ONLY,65.249692089,62.74912929534912,0.9936908517350158,123,143,1,2,62.52679252624512,31.479636669158936,3,845708033,,"one or more required streams has a gap >200 ms | 123 dropped-frame events, about 143 missing messages | header clock anomaly on 3 topics; convert using MCAP log_time",/home/liumouyun/extended_storage/liumouyun/Datas/f1-5-201/episode_000007
f1-5-201,episode_000008,READY,73.051591536,73.0149884223938,0.9950271247739603,188,211,0,1,73.0149884223938,73.0149884223938,0,964977649,,"188 dropped-frame events, about 211 missing messages",/home/liumouyun/extended_storage/liumouyun/Datas/f1-5-201/episode_000008
f1-5-201,episode_000009,FRAGMENT_ONLY,59.591230542,59.56110334396362,0.9950138504155125,113,131,1,2,59.27309441566467,31.13016700744629,3,786146124,,"one or more required streams has a gap >200 ms | 113 dropped-frame events, about 131 missing messages | header clock anomaly on 3 topics; convert using MCAP log_time",/home/liumouyun/extended_storage/liumouyun/Datas/f1-5-201/episode_000009
f1-5-201,episode_000010,FRAGMENT_ONLY,62.750021341,62.41737246513367,0.9936875328774329,151,177,2,2,58.12564206123352,31.515023469924927,3,834792653,,"one or more required streams has a gap >200 ms | 151 dropped-frame events, about 177 missing messages | header clock anomaly on 3 topics; convert using MCAP log_time",/home/liumouyun/extended_storage/liumouyun/Datas/f1-5-201/episode_000010
f1-5-201,episode_000011,FRAGMENT_ONLY,58.57478649,56.55771493911743,0.9836544074722708,169,216,2,2,55.62023043632507,38.31261348724365,3,767731983,,"one or more required streams has a gap >200 ms | 169 dropped-frame events, about 216 missing messages | header clock anomaly on 3 topics; convert using MCAP log_time",/home/liumouyun/extended_storage/liumouyun/Datas/f1-5-201/episode_000011
f1-5-201,episode_000012,READY,66.5505297,66.4681715965271,0.9995034756703078,123,129,0,1,66.4681715965271,66.4681715965271,3,894217347,,"123 dropped-frame events, about 129 missing messages | header clock anomaly on 3 topics; convert using MCAP log_time",/home/liumouyun/extended_storage/liumouyun/Datas/f1-5-201/episode_000012
f1-5-201,episode_000013,FRAGMENT_ONLY,64.647016095,62.523797035217285,0.995778364116095,140,157,1,2,62.307668924331665,47.55372977256775,3,831597526,,"one or more required streams has a gap >200 ms | 140 dropped-frame events, about 157 missing messages | header clock anomaly on 3 topics; convert using MCAP log_time",/home/liumouyun/extended_storage/liumouyun/Datas/f1-5-201/episode_000013
f1-5-201,episode_000014,FRAGMENT_ONLY,67.382250392,67.33490920066833,0.9916666666666667,196,228,3,3,62.16615867614746,27.144177436828613,3,901862307,,"one or more required streams has a gap >200 ms | 196 dropped-frame events, about 228 missing messages | header clock anomaly on 3 topics; convert using MCAP log_time",/home/liumouyun/extended_storage/liumouyun/Datas/f1-5-201/episode_000014
f1-5-201,episode_000015,FRAGMENT_ONLY,64.044093984,63.94442701339722,0.9948373773877129,122,144,2,2,62.94998908042908,51.06701636314392,3,854049757,,"one or more required streams has a gap >200 ms | 122 dropped-frame events, about 144 missing messages | header clock anomaly on 3 topics; convert using MCAP log_time",/home/liumouyun/extended_storage/liumouyun/Datas/f1-5-201/episode_000015
f1-5-201,episode_000016,READY,60.776151078,60.71236610412598,0.9951086956521739,175,193,0,1,60.71236610412598,60.71236610412598,3,808765824,,"175 dropped-frame events, about 193 missing messages | header clock anomaly on 3 topics; convert using MCAP log_time",/home/liumouyun/extended_storage/liumouyun/Datas/f1-5-201/episode_000016
f1-5-201,episode_000017,FRAGMENT_ONLY,71.483353401,69.44535613059998,0.9881178707224335,249,287,5,5,68.1306049823761,26.14188814163208,2,938596003,,"one or more required streams has a gap >200 ms | 249 dropped-frame events, about 287 missing messages | header clock anomaly on 2 topics; convert using MCAP log_time",/home/liumouyun/extended_storage/liumouyun/Datas/f1-5-201/episode_000017
f1-5-201,episode_000018,FRAGMENT_ONLY,76.156176805,76.08720397949219,0.9943625325238509,201,235,1,2,75.86479687690735,41.11501097679138,2,1016182478,,"one or more required streams has a gap >200 ms | 201 dropped-frame events, about 235 missing messages | header clock anomaly on 2 topics; convert using MCAP log_time",/home/liumouyun/extended_storage/liumouyun/Datas/f1-5-201/episode_000018
f1-5-201,episode_000019,READY,65.944379405,65.88332676887512,0.999498997995992,176,185,0,1,65.88332676887512,65.88332676887512,1,879183646,,"176 dropped-frame events, about 185 missing messages | header clock anomaly on 1 topics; convert using MCAP log_time",/home/liumouyun/extended_storage/liumouyun/Datas/f1-5-201/episode_000019
f1-5-201,episode_000020,READY,73.084626908,71.00651788711548,0.995817843866171,201,222,0,1,71.00651788711548,71.00651788711548,2,964079614,,"201 dropped-frame events, about 222 missing messages | header clock anomaly on 2 topics; convert using MCAP log_time",/home/liumouyun/extended_storage/liumouyun/Datas/f1-5-201/episode_000020
f1-5-201,episode_000021,FRAGMENT_ONLY,74.121468364,74.0802583694458,0.9826280623608018,244,295,3,3,69.04086780548096,51.998958110809326,2,986729227,,"one or more required streams has a gap >200 ms | 244 dropped-frame events, about 295 missing messages | header clock anomaly on 2 topics; convert using MCAP log_time",/home/liumouyun/extended_storage/liumouyun/Datas/f1-5-201/episode_000021
f1-5-201,episode_000022,FRAGMENT_ONLY,69.259296838,69.21529173851013,0.9971387696709585,226,237,1,2,68.99003291130066,59.970903635025024,2,916975609,,"one or more required streams has a gap >200 ms | 226 dropped-frame events, about 237 missing messages | header clock anomaly on 2 topics; convert using MCAP log_time",/home/liumouyun/extended_storage/liumouyun/Datas/f1-5-201/episode_000022
f1-5-201,episode_000023,FRAGMENT_ONLY,63.651085107,61.244171380996704,0.9935344827586207,196,223,1,2,60.963266372680664,38.24355888366699,3,843271551,,"one or more required streams has a gap >200 ms | 196 dropped-frame events, about 223 missing messages | header clock anomaly on 3 topics; convert using MCAP log_time",/home/liumouyun/extended_storage/liumouyun/Datas/f1-5-201/episode_000023
f1-5-201,episode_000024,FRAGMENT_ONLY,70.323035408,70.25053715705872,0.9840225563909775,217,279,3,3,67.6710114479065,53.74178123474121,3,938288129,,"one or more required streams has a gap >200 ms | 217 dropped-frame events, about 279 missing messages | header clock anomaly on 3 topics; convert using MCAP log_time",/home/liumouyun/extended_storage/liumouyun/Datas/f1-5-201/episode_000024
f1-5-201,episode_000025,FRAGMENT_ONLY,66.334792619,64.22835540771484,0.9892086330935251,223,258,4,3,56.98786687850952,33.41785931587219,2,869825129,,"one or more required streams has a gap >200 ms | 223 dropped-frame events, about 258 missing messages | header clock anomaly on 2 topics; convert using MCAP log_time",/home/liumouyun/extended_storage/liumouyun/Datas/f1-5-201/episode_000025
f1-5-201,episode_000026,FRAGMENT_ONLY,70.266162263,68.25505137443542,0.9961333977767037,252,271,1,2,68.03225183486938,56.56744170188904,3,923118829,,"one or more required streams has a gap >200 ms | 252 dropped-frame events, about 271 missing messages | header clock anomaly on 3 topics; convert using MCAP log_time",/home/liumouyun/extended_storage/liumouyun/Datas/f1-5-201/episode_000026
f1-5-201,episode_000027,FRAGMENT_ONLY,69.828075051,67.6817262172699,0.9863481228668942,245,291,3,3,61.96487808227539,38.22398662567139,3,907191187,,"one or more required streams has a gap >200 ms | 245 dropped-frame events, about 291 missing messages | header clock anomaly on 3 topics; convert using MCAP log_time",/home/liumouyun/extended_storage/liumouyun/Datas/f1-5-201/episode_000027
f1-5-201,episode_000028,FRAGMENT_ONLY,67.751331424,67.67995119094849,0.9907362262311068,177,212,2,3,67.19406485557556,30.80358076095581,2,898896969,,"one or more required streams has a gap >200 ms | 177 dropped-frame events, about 212 missing messages | header clock anomaly on 2 topics; convert using MCAP log_time",/home/liumouyun/extended_storage/liumouyun/Datas/f1-5-201/episode_000028
f1-5-201,episode_000029,FRAGMENT_ONLY,63.478899421,63.40925860404968,0.9932326913066112,211,234,2,2,62.783369064331055,51.094844341278076,3,847390279,,"one or more required streams has a gap >200 ms | 211 dropped-frame events, about 234 missing messages | header clock anomaly on 3 topics; convert using MCAP log_time",/home/liumouyun/extended_storage/liumouyun/Datas/f1-5-201/episode_000029
f1-5-201,episode_000030,FRAGMENT_ONLY,57.617977115,57.55233430862427,0.9913990825688074,168,204,2,2,55.95502805709839,35.40811038017273,2,771301305,,"one or more required streams has a gap >200 ms | 168 dropped-frame events, about 204 missing messages | header clock anomaly on 2 topics; convert using MCAP log_time",/home/liumouyun/extended_storage/liumouyun/Datas/f1-5-201/episode_000030
f1-5-201,episode_000031,FRAGMENT_ONLY,63.243685321,60.82563328742981,0.9929462832338578,206,226,2,2,58.53223991394043,32.291579246520996,3,839055627,,"one or more required streams has a gap >200 ms | 206 dropped-frame events, about 226 missing messages | header clock anomaly on 3 topics; convert using MCAP log_time",/home/liumouyun/extended_storage/liumouyun/Datas/f1-5-201/episode_000031
f1-5-201,episode_000032,READY,62.459515543,62.30832123756409,0.9973516949152542,251,265,0,1,62.30832123756409,62.30832123756409,1,839885726,,"251 dropped-frame events, about 265 missing messages | header clock anomaly on 1 topics; convert using MCAP log_time",/home/liumouyun/extended_storage/liumouyun/Datas/f1-5-201/episode_000032
f1-5-201,episode_000033,READY,57.95758198,57.882572174072266,0.9960091220068416,168,187,0,1,57.882572174072266,57.882572174072266,2,778967948,,"168 dropped-frame events, about 187 missing messages | header clock anomaly on 2 topics; convert using MCAP log_time",/home/liumouyun/extended_storage/liumouyun/Datas/f1-5-201/episode_000033
f1-5-201,episode_000034,FRAGMENT_ONLY,59.119176683,57.213637828826904,0.9919261822376009,186,211,2,1,51.698994636535645,51.698994636535645,2,790754849,,"one or more required streams has a gap >200 ms | 186 dropped-frame events, about 211 missing messages | header clock anomaly on 2 topics; convert using MCAP log_time",/home/liumouyun/extended_storage/liumouyun/Datas/f1-5-201/episode_000034
f1-5-201,episode_000035,FRAGMENT_ONLY,68.885991385,66.70108485221863,0.9920831271647699,218,244,3,4,65.91884255409241,34.652909994125366,2,918664308,,"one or more required streams has a gap >200 ms | 218 dropped-frame events, about 244 missing messages | header clock anomaly on 2 topics; convert using MCAP log_time",/home/liumouyun/extended_storage/liumouyun/Datas/f1-5-201/episode_000035
f1-5-201,episode_000036,FRAGMENT_ONLY,71.899636088,69.25389122962952,0.9885659838018104,232,276,3,3,68.49626159667969,29.801811695098877,3,949974238,,"one or more required streams has a gap >200 ms | 232 dropped-frame events, about 276 missing messages | header clock anomaly on 3 topics; convert using MCAP log_time",/home/liumouyun/extended_storage/liumouyun/Datas/f1-5-201/episode_000036
f1-5-201,episode_000037,FRAGMENT_ONLY,69.518411811,69.4644365310669,0.9914489311163895,155,190,2,3,69.01397967338562,32.30297136306763,1,937202398,,"one or more required streams has a gap >200 ms | 155 dropped-frame events, about 190 missing messages | header clock anomaly on 1 topics; convert using MCAP log_time",/home/liumouyun/extended_storage/liumouyun/Datas/f1-5-201/episode_000037
f1-5-201,episode_000038,FRAGMENT_ONLY,68.772436524,68.69357776641846,0.9908741594620557,208,239,1,2,68.47093391418457,43.563915729522705,1,930902172,,"one or more required streams has a gap >200 ms | 208 dropped-frame events, about 239 missing messages | header clock anomaly on 1 topics; convert using MCAP log_time",/home/liumouyun/extended_storage/liumouyun/Datas/f1-5-201/episode_000038
f1-5-201,episode_000039,FRAGMENT_ONLY,73.990800634,71.80379247665405,0.9871323529411765,223,265,3,3,70.79651999473572,52.386104106903076,2,978248243,,"one or more required streams has a gap >200 ms | 223 dropped-frame events, about 265 missing messages | header clock anomaly on 2 topics; convert using MCAP log_time",/home/liumouyun/extended_storage/liumouyun/Datas/f1-5-201/episode_000039
f1-5-201,episode_000040,READY,72.195576097,69.18200373649597,0.9961850262279447,202,233,0,1,69.18200373649597,69.18200373649597,2,954058109,,"202 dropped-frame events, about 233 missing messages | header clock anomaly on 2 topics; convert using MCAP log_time",/home/liumouyun/extended_storage/liumouyun/Datas/f1-5-201/episode_000040
f1-5-201,episode_000041,FRAGMENT_ONLY,73.54386368,73.476717710495,0.9887741356084419,161,200,4,3,69.81665134429932,41.39323711395264,3,997715739,,"one or more required streams has a gap >200 ms | 161 dropped-frame events, about 200 missing messages | header clock anomaly on 3 topics; convert using MCAP log_time",/home/liumouyun/extended_storage/liumouyun/Datas/f1-5-201/episode_000041
f1-5-201,episode_000042,FRAGMENT_ONLY,76.638824772,76.56104826927185,0.993106419646704,177,207,1,2,76.10510444641113,51.242823123931885,2,1027165241,,"one or more required streams has a gap >200 ms | 177 dropped-frame events, about 207 missing messages | header clock anomaly on 2 topics; convert using MCAP log_time",/home/liumouyun/extended_storage/liumouyun/Datas/f1-5-201/episode_000042
f1-5-201,episode_000043,FRAGMENT_ONLY,71.566978949,69.15981698036194,0.9909351145038168,255,302,1,2,68.8371319770813,46.92423987388611,3,946696489,,"one or more required streams has a gap >200 ms | 255 dropped-frame events, about 302 missing messages | header clock anomaly on 3 topics; convert using MCAP log_time",/home/liumouyun/extended_storage/liumouyun/Datas/f1-5-201/episode_000043
f1-5-201,episode_000044,READY,65.233256968,65.16929006576538,0.9989873417721519,164,171,0,1,65.16929006576538,65.16929006576538,3,875651656,,"164 dropped-frame events, about 171 missing messages | header clock anomaly on 3 topics; convert using MCAP log_time",/home/liumouyun/extended_storage/liumouyun/Datas/f1-5-201/episode_000044
f1-5-201,episode_000045,READY,73.411760653,73.3369653224945,0.995949594959496,185,206,0,1,73.3369653224945,73.3369653224945,3,988533609,,"185 dropped-frame events, about 206 missing messages | header clock anomaly on 3 topics; convert using MCAP log_time",/home/liumouyun/extended_storage/liumouyun/Datas/f1-5-201/episode_000045
f1-5-201,episode_000046,FRAGMENT_ONLY,68.184037894,68.00959825515747,0.9961183891314895,171,189,1,2,67.7874550819397,56.12921857833862,1,917984583,,"one or more required streams has a gap >200 ms | 171 dropped-frame events, about 189 missing messages | header clock anomaly on 1 topics; convert using MCAP log_time",/home/liumouyun/extended_storage/liumouyun/Datas/f1-5-201/episode_000046
f1-5-201,episode_000047,FRAGMENT_ONLY,74.026201846,71.64210224151611,0.9894106813996317,228,265,2,2,69.6181378364563,45.16431283950806,3,985311390,,"one or more required streams has a gap >200 ms | 228 dropped-frame events, about 265 missing messages | header clock anomaly on 3 topics; convert using MCAP log_time",/home/liumouyun/extended_storage/liumouyun/Datas/f1-5-201/episode_000047
f1-5-201,episode_000048,FRAGMENT_ONLY,65.940455339,65.89084434509277,0.9889834752128193,258,293,2,3,65.27919459342957,37.69108057022095,2,894004699,,"one or more required streams has a gap >200 ms | 258 dropped-frame events, about 293 missing messages | header clock anomaly on 2 topics; convert using MCAP log_time",/home/liumouyun/extended_storage/liumouyun/Datas/f1-5-201/episode_000048
f1-5-201,episode_000049,FRAGMENT_ONLY,64.422006182,64.36893463134766,0.9882111737570477,209,253,3,4,63.68268179893494,34.500988483428955,2,873682439,,"one or more required streams has a gap >200 ms | 209 dropped-frame events, about 253 missing messages | header clock anomaly on 2 topics; convert using MCAP log_time",/home/liumouyun/extended_storage/liumouyun/Datas/f1-5-201/episode_000049
f1-5-201,episode_000050,FRAGMENT_ONLY,67.492497079,67.42571353912354,0.9838472834067548,192,249,4,4,66.2228639125824,29.891146659851074,3,907915527,,"one or more required streams has a gap >200 ms | 192 dropped-frame events, about 249 missing messages | header clock anomaly on 3 topics; convert using MCAP log_time",/home/liumouyun/extended_storage/liumouyun/Datas/f1-5-201/episode_000050
f1-5-201,episode_000051,FRAGMENT_ONLY,69.913947691,67.44665026664734,0.9877690802348337,211,255,3,4,66.73772764205933,34.25407314300537,3,915287567,,"one or more required streams has a gap >200 ms | 211 dropped-frame events, about 255 missing messages | header clock anomaly on 3 topics; convert using MCAP log_time",/home/liumouyun/extended_storage/liumouyun/Datas/f1-5-201/episode_000051
f1-5-201,episode_000052,FRAGMENT_ONLY,69.833936255,69.77909398078918,0.9919621749408983,198,225,2,2,65.29588842391968,35.817131757736206,2,940064179,,"one or more required streams has a gap >200 ms | 198 dropped-frame events, about 225 missing messages | header clock anomaly on 2 topics; convert using MCAP log_time",/home/liumouyun/extended_storage/liumouyun/Datas/f1-5-201/episode_000052
f1-5-201,episode_000053,FRAGMENT_ONLY,64.89263833,64.81661701202393,0.9913441955193483,132,160,2,3,64.3392961025238,37.76315522193909,2,879897256,,"one or more required streams has a gap >200 ms | 132 dropped-frame events, about 160 missing messages | header clock anomaly on 2 topics; convert using MCAP log_time",/home/liumouyun/extended_storage/liumouyun/Datas/f1-5-201/episode_000053
f1-5-201,episode_000054,FRAGMENT_ONLY,63.328672969,63.25915026664734,0.9947835159102765,165,183,2,3,62.77779698371887,28.7782883644104,3,851279068,,"one or more required streams has a gap >200 ms | 165 dropped-frame events, about 183 missing messages | header clock anomaly on 3 topics; convert using MCAP log_time",/home/liumouyun/extended_storage/liumouyun/Datas/f1-5-201/episode_000054
f1-5-201,episode_000055,FRAGMENT_ONLY,62.751670035,62.395017862319946,0.9883659439450027,183,226,3,2,56.22313117980957,31.31587314605713,2,847314344,,"one or more required streams has a gap >200 ms | 183 dropped-frame events, about 226 missing messages | header clock anomaly on 2 topics; convert using MCAP log_time",/home/liumouyun/extended_storage/liumouyun/Datas/f1-5-201/episode_000055
f1-5-201,episode_000056,FRAGMENT_ONLY,68.362210367,66.4690625667572,0.9875868917576961,175,220,3,3,62.807011127471924,31.678582906723022,1,902602377,,"one or more required streams has a gap >200 ms | 175 dropped-frame events, about 220 missing messages | header clock anomaly on 1 topics; convert using MCAP log_time",/home/liumouyun/extended_storage/liumouyun/Datas/f1-5-201/episode_000056
f1-5-201,episode_000057,FRAGMENT_ONLY,65.921635571,65.84189558029175,0.9924812030075187,197,225,2,2,61.51316165924072,44.14918518066406,3,885711516,,"one or more required streams has a gap >200 ms | 197 dropped-frame events, about 225 missing messages | header clock anomaly on 3 topics; convert using MCAP log_time",/home/liumouyun/extended_storage/liumouyun/Datas/f1-5-201/episode_000057
f1-5-201,episode_000058,FRAGMENT_ONLY,70.745233551,70.68051648139954,0.9948646125116714,234,265,1,2,70.42435646057129,52.77111864089966,3,948515400,,"one or more required streams has a gap >200 ms | 234 dropped-frame events, about 265 missing messages | header clock anomaly on 3 topics; convert using MCAP log_time",/home/liumouyun/extended_storage/liumouyun/Datas/f1-5-201/episode_000058
f1-5-201,episode_000059,FRAGMENT_ONLY,65.317203237,65.26015114784241,0.9914054600606673,149,175,2,3,64.65421438217163,39.315887451171875,3,874534284,,"one or more required streams has a gap >200 ms | 149 dropped-frame events, about 175 missing messages | header clock anomaly on 3 topics; convert using MCAP log_time",/home/liumouyun/extended_storage/liumouyun/Datas/f1-5-201/episode_000059
f1-5-201,episode_000060,FRAGMENT_ONLY,68.745576199,68.58004546165466,0.9898941289701636,177,218,3,4,67.8119387626648,23.97409415245056,3,920723597,,"one or more required streams has a gap >200 ms | 177 dropped-frame events, about 218 missing messages | header clock anomaly on 3 topics; convert using MCAP log_time",/home/liumouyun/extended_storage/liumouyun/Datas/f1-5-201/episode_000060
f1-5-201,episode_000061,FRAGMENT_ONLY,65.055677654,62.185322284698486,0.9856687898089171,163,209,2,2,60.3585364818573,53.19566750526428,3,842473838,,"one or more required streams has a gap >200 ms | 163 dropped-frame events, about 209 missing messages | header clock anomaly on 3 topics; convert using MCAP log_time",/home/liumouyun/extended_storage/liumouyun/Datas/f1-5-201/episode_000061
f1-5-201,episode_000062,FRAGMENT_ONLY,62.76195484,62.67455005645752,0.989468141126909,203,239,2,2,62.151482343673706,36.44275999069214,3,843419439,,"one or more required streams has a gap >200 ms | 203 dropped-frame events, about 239 missing messages | header clock anomaly on 3 topics; convert using MCAP log_time",/home/liumouyun/extended_storage/liumouyun/Datas/f1-5-201/episode_000062
f1-5-201,episode_000063,FRAGMENT_ONLY,67.817499274,67.76421880722046,0.9853872381880175,160,207,3,3,66.64914298057556,42.71230697631836,3,905383131,,"one or more required streams has a gap >200 ms | 160 dropped-frame events, about 207 missing messages | header clock anomaly on 3 topics; convert using MCAP log_time",/home/liumouyun/extended_storage/liumouyun/Datas/f1-5-201/episode_000063
f1-5-201,episode_000064,FRAGMENT_ONLY,65.036384515,64.98384833335876,0.9908583037074657,189,223,1,1,64.03515601158142,64.03515601158142,3,870432941,,"one or more required streams has a gap >200 ms | 189 dropped-frame events, about 223 missing messages | header clock anomaly on 3 topics; convert using MCAP log_time",/home/liumouyun/extended_storage/liumouyun/Datas/f1-5-201/episode_000064
f1-5-201,episode_000065,FRAGMENT_ONLY,74.450911328,74.40850591659546,0.9920177383592018,196,227,2,2,73.91896176338196,46.38682150840759,2,991742962,,"one or more required streams has a gap >200 ms | 196 dropped-frame events, about 227 missing messages | header clock anomaly on 2 topics; convert using MCAP log_time",/home/liumouyun/extended_storage/liumouyun/Datas/f1-5-201/episode_000065
f1-5-201,episode_000066,FRAGMENT_ONLY,69.167584709,69.02729392051697,0.9866156787762906,176,220,3,4,68.24378514289856,36.85519599914551,3,926797762,,"one or more required streams has a gap >200 ms | 176 dropped-frame events, about 220 missing messages | header clock anomaly on 3 topics; convert using MCAP log_time",/home/liumouyun/extended_storage/liumouyun/Datas/f1-5-201/episode_000066
f1-5-201,episode_000067,FRAGMENT_ONLY,64.226958682,64.17513537406921,0.9876606683804627,158,209,3,2,61.46165442466736,33.25074124336243,3,863154506,,"one or more required streams has a gap >200 ms | 158 dropped-frame events, about 209 missing messages | header clock anomaly on 3 topics; convert using MCAP log_time",/home/liumouyun/extended_storage/liumouyun/Datas/f1-5-201/episode_000067
f1-5-201,episode_000068,READY,64.700558497,64.6429374217987,0.996937212863706,234,246,0,1,64.6429374217987,64.6429374217987,3,869049570,,"234 dropped-frame events, about 246 missing messages | header clock anomaly on 3 topics; convert using MCAP log_time",/home/liumouyun/extended_storage/liumouyun/Datas/f1-5-201/episode_000068
f1-5-201,episode_000069,FRAGMENT_ONLY,63.858128164,63.78545904159546,0.9953440248318676,199,222,1,2,63.53032445907593,56.42254447937012,3,860099384,,"one or more required streams has a gap >200 ms | 199 dropped-frame events, about 222 missing messages | header clock anomaly on 3 topics; convert using MCAP log_time",/home/liumouyun/extended_storage/liumouyun/Datas/f1-5-201/episode_000069
f1-5-201,episode_000070,FRAGMENT_ONLY,65.467438395,63.10494804382324,0.9864087820177732,173,215,4,3,57.01789689064026,21.753588676452637,3,862536242,,"one or more required streams has a gap >200 ms | 173 dropped-frame events, about 215 missing messages | header clock anomaly on 3 topics; convert using MCAP log_time",/home/liumouyun/extended_storage/liumouyun/Datas/f1-5-201/episode_000070
f1-5-201,episode_000071,FRAGMENT_ONLY,67.797030636,67.74719429016113,0.9853872381880175,189,237,2,2,66.15731620788574,35.6429340839386,3,901879934,,"one or more required streams has a gap >200 ms | 189 dropped-frame events, about 237 missing messages | header clock anomaly on 3 topics; convert using MCAP log_time",/home/liumouyun/extended_storage/liumouyun/Datas/f1-5-201/episode_000071
f1-5-201,episode_000072,FRAGMENT_ONLY,36.621853086,33.57484292984009,0.9852652259332023,115,135,1,2,33.238006591796875,18.75602388381958,1,498594977,,"one or more required streams has a gap >200 ms | 115 dropped-frame events, about 135 missing messages | header clock anomaly on 1 topics; convert using MCAP log_time",/home/liumouyun/extended_storage/liumouyun/Datas/f1-5-201/episode_000072
f1-5-201,episode_000073,FRAGMENT_ONLY,67.475456672,67.3867609500885,0.9892315222711698,200,235,1,2,67.15107321739197,58.09026074409485,2,902580463,,"one or more required streams has a gap >200 ms | 200 dropped-frame events, about 235 missing messages | header clock anomaly on 2 topics; convert using MCAP log_time",/home/liumouyun/extended_storage/liumouyun/Datas/f1-5-201/episode_000073
f1-5-201,episode_000074,FRAGMENT_ONLY,65.389548783,63.11401319503784,0.9843096234309623,238,285,3,2,62.011369466781616,50.58652305603027,1,855712758,,"one or more required streams has a gap >200 ms | 238 dropped-frame events, about 285 missing messages | header clock anomaly on 1 topics; convert using MCAP log_time",/home/liumouyun/extended_storage/liumouyun/Datas/f1-5-201/episode_000074
f1-5-201,episode_000075,FRAGMENT_ONLY,71.399014782,71.36448359489441,0.9842810910772076,242,298,4,4,69.96797847747803,28.6445529460907,3,949451241,,"one or more required streams has a gap >200 ms | 242 dropped-frame events, about 298 missing messages | header clock anomaly on 3 topics; convert using MCAP log_time",/home/liumouyun/extended_storage/liumouyun/Datas/f1-5-201/episode_000075
f1-5-201,episode_000076,FRAGMENT_ONLY,61.617650784,61.53320002555847,0.9935622317596566,158,183,1,1,57.36168670654297,57.36168670654297,3,827036712,,"one or more required streams has a gap >200 ms | 158 dropped-frame events, about 183 missing messages | header clock anomaly on 3 topics; convert using MCAP log_time",/home/liumouyun/extended_storage/liumouyun/Datas/f1-5-201/episode_000076
f1-5-201,episode_000077,FRAGMENT_ONLY,65.328961219,65.27260255813599,0.9893832153690597,188,228,3,4,64.58394002914429,20.10381054878235,2,875500642,,"one or more required streams has a gap >200 ms | 188 dropped-frame events, about 228 missing messages | header clock anomaly on 2 topics; convert using MCAP log_time",/home/liumouyun/extended_storage/liumouyun/Datas/f1-5-201/episode_000077
f1-5-201,episode_000078,FRAGMENT_ONLY,60.619461563,60.54996156692505,0.989100817438692,176,212,2,2,56.92385172843933,49.64889693260193,3,812400175,,"one or more required streams has a gap >200 ms | 176 dropped-frame events, about 212 missing messages | header clock anomaly on 3 topics; convert using MCAP log_time",/home/liumouyun/extended_storage/liumouyun/Datas/f1-5-201/episode_000078
f1-5-201,episode_000079,FRAGMENT_ONLY,75.190360411,75.12151575088501,0.9898945518453427,192,243,1,2,74.82089376449585,51.44179010391235,2,1005238397,,"one or more required streams has a gap >200 ms | 192 dropped-frame events, about 243 missing messages | header clock anomaly on 2 topics; convert using MCAP log_time",/home/liumouyun/extended_storage/liumouyun/Datas/f1-5-201/episode_000079
f1-5-201,episode_000080,FRAGMENT_ONLY,71.452453597,69.55395126342773,0.9952561669829222,134,154,2,2,68.31702423095703,38.69429087638855,2,952673180,,"one or more required streams has a gap >200 ms | 134 dropped-frame events, about 154 missing messages | header clock anomaly on 2 topics; convert using MCAP log_time",/home/liumouyun/extended_storage/liumouyun/Datas/f1-5-201/episode_000080
f1-5-201,episode_000081,FRAGMENT_ONLY,67.611020385,67.53888058662415,0.9892525647288715,169,205,1,2,67.11705732345581,60.5393967628479,3,896743420,,"one or more required streams has a gap >200 ms | 169 dropped-frame events, about 205 missing messages | header clock anomaly on 3 topics; convert using MCAP log_time",/home/liumouyun/extended_storage/liumouyun/Datas/f1-5-201/episode_000081
f1-5-201,episode_000082,FRAGMENT_ONLY,69.303213116,66.74767923355103,0.9925852694018784,185,210,1,2,66.49106073379517,56.40166997909546,3,909734424,,"one or more required streams has a gap >200 ms | 185 dropped-frame events, about 210 missing messages | header clock anomaly on 3 topics; convert using MCAP log_time",/home/liumouyun/extended_storage/liumouyun/Datas/f1-5-201/episode_000082
f1-5-201,episode_000083,FRAGMENT_ONLY,62.573887738,62.51208782196045,0.9857519788918205,172,215,3,3,61.53689384460449,39.07862210273743,2,838249115,,"one or more required streams has a gap >200 ms | 172 dropped-frame events, about 215 missing messages | header clock anomaly on 2 topics; convert using MCAP log_time",/home/liumouyun/extended_storage/liumouyun/Datas/f1-5-201/episode_000083
f1-5-201,episode_000084,FRAGMENT_ONLY,70.277101912,68.04525899887085,0.9830261881668283,173,228,5,3,66.33405876159668,43.731147050857544,3,919564771,,"one or more required streams has a gap >200 ms | 173 dropped-frame events, about 228 missing messages | header clock anomaly on 3 topics; convert using MCAP log_time",/home/liumouyun/extended_storage/liumouyun/Datas/f1-5-201/episode_000084
f1-5-201,episode_000085,FRAGMENT_ONLY,62.734422765,62.64773654937744,0.9899894625922023,166,208,1,2,62.292267084121704,57.087419271469116,3,839720247,,"one or more required streams has a gap >200 ms | 166 dropped-frame events, about 208 missing messages | header clock anomaly on 3 topics; convert using MCAP log_time",/home/liumouyun/extended_storage/liumouyun/Datas/f1-5-201/episode_000085
f1-5-201,episode_000086,READY,64.968461201,64.63982439041138,0.9974593495934959,153,171,0,1,64.63982439041138,64.63982439041138,2,865080565,,"153 dropped-frame events, about 171 missing messages | header clock anomaly on 2 topics; convert using MCAP log_time",/home/liumouyun/extended_storage/liumouyun/Datas/f1-5-201/episode_000086
f1-5-201,episode_000087,READY,73.312940088,73.25278615951538,0.9945921586300135,204,233,0,1,73.25278615951538,73.25278615951538,2,987388263,,"204 dropped-frame events, about 233 missing messages | header clock anomaly on 2 topics; convert using MCAP log_time",/home/liumouyun/extended_storage/liumouyun/Datas/f1-5-201/episode_000087
f1-5-201,episode_000088,FRAGMENT_ONLY,72.896714032,70.14671468734741,0.9891764705882353,262,330,2,2,69.92482852935791,59.47544860839844,3,953981290,,"one or more required streams has a gap >200 ms | 262 dropped-frame events, about 330 missing messages | header clock anomaly on 3 topics; convert using MCAP log_time",/home/liumouyun/extended_storage/liumouyun/Datas/f1-5-201/episode_000088
f1-5-201,episode_000089,FRAGMENT_ONLY,61.086579182,58.72761416435242,0.9848314606741573,182,235,4,3,54.57449173927307,23.308427810668945,3,797403017,,"one or more required streams has a gap >200 ms | 182 dropped-frame events, about 235 missing messages | header clock anomaly on 3 topics; convert using MCAP log_time",/home/liumouyun/extended_storage/liumouyun/Datas/f1-5-201/episode_000089
f1-5-201,episode_000090,FRAGMENT_ONLY,63.530584099,63.47706341743469,0.9875195007800313,156,198,2,2,57.965877294540405,36.88938784599304,2,845599391,,"one or more required streams has a gap >200 ms | 156 dropped-frame events, about 198 missing messages | header clock anomaly on 2 topics; convert using MCAP log_time",/home/liumouyun/extended_storage/liumouyun/Datas/f1-5-201/episode_000090
f1-5-201,episode_000091,FRAGMENT_ONLY,62.151009275,62.08503723144531,0.9883040935672515,193,240,2,2,58.666789531707764,41.81392741203308,2,827111712,,"one or more required streams has a gap >200 ms | 193 dropped-frame events, about 240 missing messages | header clock anomaly on 2 topics; convert using MCAP log_time",/home/liumouyun/extended_storage/liumouyun/Datas/f1-5-201/episode_000091
f1-5-201,episode_000092,FRAGMENT_ONLY,67.237960089,65.1426911354065,0.9924012158054711,149,174,1,1,60.90668821334839,60.90668821334839,3,906838848,,"one or more required streams has a gap >200 ms | 149 dropped-frame events, about 174 missing messages | header clock anomaly on 3 topics; convert using MCAP log_time",/home/liumouyun/extended_storage/liumouyun/Datas/f1-5-201/episode_000092
f1-5-201,episode_000093,FRAGMENT_ONLY,66.253412978,66.19500064849854,0.9890329012961117,204,251,2,3,65.69203567504883,24.823771238327026,3,898442530,,"one or more required streams has a gap >200 ms | 204 dropped-frame events, about 251 missing messages | header clock anomaly on 3 topics; convert using MCAP log_time",/home/liumouyun/extended_storage/liumouyun/Datas/f1-5-201/episode_000093
f1-5-201,episode_000094,FRAGMENT_ONLY,67.139197515,65.49056768417358,0.9919354838709677,176,209,2,3,65.02967286109924,26.670130252838135,3,901245543,,"one or more required streams has a gap >200 ms | 176 dropped-frame events, about 209 missing messages | header clock anomaly on 3 topics; convert using MCAP log_time",/home/liumouyun/extended_storage/liumouyun/Datas/f1-5-201/episode_000094
f1-5-201,episode_000095,READY,67.266365237,64.69909882545471,0.9964303926568078,179,211,0,1,64.69909882545471,64.69909882545471,2,901146363,,"179 dropped-frame events, about 211 missing messages | header clock anomaly on 2 topics; convert using MCAP log_time",/home/liumouyun/extended_storage/liumouyun/Datas/f1-5-201/episode_000095
f1-5-201,episode_000096,FRAGMENT_ONLY,69.430946968,69.36678886413574,0.9923918212077983,163,189,2,2,65.90098524093628,53.77433776855469,2,940503456,,"one or more required streams has a gap >200 ms | 163 dropped-frame events, about 189 missing messages | header clock anomaly on 2 topics; convert using MCAP log_time",/home/liumouyun/extended_storage/liumouyun/Datas/f1-5-201/episode_000096
f1-5-201,episode_000097,FRAGMENT_ONLY,68.679935117,68.62020659446716,0.99375,145,173,2,2,66.63421964645386,48.19030213356018,3,933480532,,"one or more required streams has a gap >200 ms | 145 dropped-frame events, about 173 missing messages | header clock anomaly on 3 topics; convert using MCAP log_time",/home/liumouyun/extended_storage/liumouyun/Datas/f1-5-201/episode_000097
f1-5-201,episode_000098,FRAGMENT_ONLY,68.492040635,68.42460584640503,0.9908345393150024,209,242,2,3,67.84685254096985,42.96236968040466,3,930944132,,"one or more required streams has a gap >200 ms | 209 dropped-frame events, about 242 missing messages | header clock anomaly on 3 topics; convert using MCAP log_time",/home/liumouyun/extended_storage/liumouyun/Datas/f1-5-201/episode_000098
f1-5-201,episode_000099,FRAGMENT_ONLY,72.057805569,71.98488306999207,0.9940394314534617,171,204,1,2,71.76212549209595,42.316349267959595,2,971147397,,"one or more required streams has a gap >200 ms | 171 dropped-frame events, about 204 missing messages | header clock anomaly on 2 topics; convert using MCAP log_time",/home/liumouyun/extended_storage/liumouyun/Datas/f1-5-201/episode_000099
f1-5-201,episode_000100,FRAGMENT_ONLY,71.158761024,68.986168384552,0.9890004782400765,150,187,3,2,63.5027973651886,58.139466285705566,3,946047748,,"one or more required streams has a gap >200 ms | 150 dropped-frame events, about 187 missing messages | header clock anomaly on 3 topics; convert using MCAP log_time",/home/liumouyun/extended_storage/liumouyun/Datas/f1-5-201/episode_000100
f1-5-201,episode_000101,FRAGMENT_ONLY,71.497842144,68.83376264572144,0.9846596356663471,200,255,5,5,67.47684645652771,21.737611532211304,3,962040439,,"one or more required streams has a gap >200 ms | 200 dropped-frame events, about 255 missing messages | header clock anomaly on 3 topics; convert using MCAP log_time",/home/liumouyun/extended_storage/liumouyun/Datas/f1-5-201/episode_000101
f1-5-201,episode_000102,FRAGMENT_ONLY,76.492006698,76.42244267463684,0.9926597582037997,261,292,1,2,76.06650972366333,61.91627097129822,3,1033679553,,"one or more required streams has a gap >200 ms | 261 dropped-frame events, about 292 missing messages | header clock anomaly on 3 topics; convert using MCAP log_time",/home/liumouyun/extended_storage/liumouyun/Datas/f1-5-201/episode_000102
f1-5-201,episode_000103,FRAGMENT_ONLY,74.168520699,71.32336521148682,0.995835261453031,145,168,1,2,71.067617893219,38.918853521347046,3,992541485,,"one or more required streams has a gap >200 ms | 145 dropped-frame events, about 168 missing messages | header clock anomaly on 3 topics; convert using MCAP log_time",/home/liumouyun/extended_storage/liumouyun/Datas/f1-5-201/episode_000103
f1-5-201,episode_000104,FRAGMENT_ONLY,73.969526615,71.90013480186462,0.9949494949494949,197,220,1,2,71.67818593978882,56.858386516571045,3,1006336330,,"one or more required streams has a gap >200 ms | 197 dropped-frame events, about 220 missing messages | header clock anomaly on 3 topics; convert using MCAP log_time",/home/liumouyun/extended_storage/liumouyun/Datas/f1-5-201/episode_000104
f1-5-201,episode_000105,FRAGMENT_ONLY,76.058476772,75.75092911720276,0.989587852494577,190,238,4,5,74.79263710975647,20.300713539123535,3,1026598940,,"one or more required streams has a gap >200 ms | 190 dropped-frame events, about 238 missing messages | header clock anomaly on 3 topics; convert using MCAP log_time",/home/liumouyun/extended_storage/liumouyun/Datas/f1-5-201/episode_000105
f1-5-201,episode_000106,READY,77.917047837,77.83834981918335,0.9940652818991098,212,237,0,1,77.83834981918335,77.83834981918335,2,1044739095,,"212 dropped-frame events, about 237 missing messages | header clock anomaly on 2 topics; convert using MCAP log_time",/home/liumouyun/extended_storage/liumouyun/Datas/f1-5-201/episode_000106
f1-5-201,episode_000107,READY,66.69709882,66.63350653648376,0.9970282317979198,195,215,0,1,66.63350653648376,66.63350653648376,2,907178901,,"195 dropped-frame events, about 215 missing messages | header clock anomaly on 2 topics; convert using MCAP log_time",/home/liumouyun/extended_storage/liumouyun/Datas/f1-5-201/episode_000107
f1-5-201,episode_000108,FRAGMENT_ONLY,79.467750012,79.39922666549683,0.9908561928512053,205,249,1,1,74.47396993637085,74.47396993637085,2,1061855165,,"one or more required streams has a gap >200 ms | 205 dropped-frame events, about 249 missing messages | header clock anomaly on 2 topics; convert using MCAP log_time",/home/liumouyun/extended_storage/liumouyun/Datas/f1-5-201/episode_000108
f1-5-201,episode_000109,FRAGMENT_ONLY,71.599800384,71.53327059745789,0.9949261992619927,172,193,1,2,71.31257462501526,48.75063514709473,0,964098596,,"one or more required streams has a gap >200 ms | 172 dropped-frame events, about 193 missing messages",/home/liumouyun/extended_storage/liumouyun/Datas/f1-5-201/episode_000109
f1-5-201,episode_000110,FRAGMENT_ONLY,67.188521357,67.11170387268066,0.992133726647001,179,210,1,2,66.89496040344238,47.599347829818726,3,910855068,,"one or more required streams has a gap >200 ms | 179 dropped-frame events, about 210 missing messages | header clock anomaly on 3 topics; convert using MCAP log_time",/home/liumouyun/extended_storage/liumouyun/Datas/f1-5-201/episode_000110
f1-5-201,episode_000111,FRAGMENT_ONLY,67.227551802,65.35662817955017,0.9954568399798082,146,168,1,2,65.13412237167358,39.57037115097046,3,893668427,,"one or more required streams has a gap >200 ms | 146 dropped-frame events, about 168 missing messages | header clock anomaly on 3 topics; convert using MCAP log_time",/home/liumouyun/extended_storage/liumouyun/Datas/f1-5-201/episode_000111
f1-5-201,episode_000112,READY,67.102053977,64.83265423774719,0.9949109414758269,150,181,0,1,64.83265423774719,64.83265423774719,2,884401967,,"150 dropped-frame events, about 181 missing messages | header clock anomaly on 2 topics; convert using MCAP log_time",/home/liumouyun/extended_storage/liumouyun/Datas/f1-5-201/episode_000112
f1-5-201,episode_000113,FRAGMENT_ONLY,62.69575458,62.64020609855652,0.9884088514225501,148,190,1,2,62.35252404212952,34.57512164115906,3,853092118,,"one or more required streams has a gap >200 ms | 148 dropped-frame events, about 190 missing messages | header clock anomaly on 3 topics; convert using MCAP log_time",/home/liumouyun/extended_storage/liumouyun/Datas/f1-5-201/episode_000113
f1-5-201,episode_000114,FRAGMENT_ONLY,72.579753366,70.41124701499939,0.9939081537019682,204,232,2,2,69.85503506660461,42.516777753829956,2,958697111,,"one or more required streams has a gap >200 ms | 204 dropped-frame events, about 232 missing messages | header clock anomaly on 2 topics; convert using MCAP log_time",/home/liumouyun/extended_storage/liumouyun/Datas/f1-5-201/episode_000114
f1-5-201,episode_000115,FRAGMENT_ONLY,68.925708237,68.85601234436035,0.9904168663152851,123,152,2,3,68.10737156867981,41.2111291885376,3,932872121,,"one or more required streams has a gap >200 ms | 123 dropped-frame events, about 152 missing messages | header clock anomaly on 3 topics; convert using MCAP log_time",/home/liumouyun/extended_storage/liumouyun/Datas/f1-5-201/episode_000115
f1-5-201,episode_000116,FRAGMENT_ONLY,82.112052771,82.02632880210876,0.9879324215607401,122,167,4,3,77.78760981559753,42.14874505996704,2,1102499421,,"one or more required streams has a gap >200 ms | 122 dropped-frame events, about 167 missing messages | header clock anomaly on 2 topics; convert using MCAP log_time",/home/liumouyun/extended_storage/liumouyun/Datas/f1-5-201/episode_000116
f1-5-201,episode_000117,FRAGMENT_ONLY,74.880594254,74.82387924194336,0.9858906525573192,178,234,4,5,73.777174949646,20.09104871749878,2,1011831501,,"one or more required streams has a gap >200 ms | 178 dropped-frame events, about 234 missing messages | header clock anomaly on 2 topics; convert using MCAP log_time",/home/liumouyun/extended_storage/liumouyun/Datas/f1-5-201/episode_000117
f1-5-201,episode_000118,FRAGMENT_ONLY,63.199597793,63.145509004592896,0.9937304075235109,139,163,2,3,62.66754984855652,46.07286238670349,3,857217272,,"one or more required streams has a gap >200 ms | 139 dropped-frame events, about 163 missing messages | header clock anomaly on 3 topics; convert using MCAP log_time",/home/liumouyun/extended_storage/liumouyun/Datas/f1-5-201/episode_000118
f1-5-201,episode_000119,FRAGMENT_ONLY,66.05397733,63.339383363723755,0.9921875,126,154,2,3,62.76082420349121,30.647768020629883,3,886841682,,"one or more required streams has a gap >200 ms | 126 dropped-frame events, about 154 missing messages | header clock anomaly on 3 topics; convert using MCAP log_time",/home/liumouyun/extended_storage/liumouyun/Datas/f1-5-201/episode_000119
f1-5-201,episode_000120,FRAGMENT_ONLY,60.055988674,57.78373408317566,0.9942889777270132,125,153,1,2,57.49453282356262,42.07569217681885,3,801239880,,"one or more required streams has a gap >200 ms | 125 dropped-frame events, about 153 missing messages | header clock anomaly on 3 topics; convert using MCAP log_time",/home/liumouyun/extended_storage/liumouyun/Datas/f1-5-201/episode_000120
f1-5-201,episode_000121,FRAGMENT_ONLY,73.094961949,73.01259708404541,0.9914104882459313,168,206,1,2,72.71223974227905,51.23515272140503,2,979165043,,"one or more required streams has a gap >200 ms | 168 dropped-frame events, about 206 missing messages | header clock anomaly on 2 topics; convert using MCAP log_time",/home/liumouyun/extended_storage/liumouyun/Datas/f1-5-201/episode_000121
f1-5-201,episode_000122,READY,70.742132329,70.67011427879333,0.9971988795518207,180,197,0,1,70.67011427879333,70.67011427879333,2,958837125,,"180 dropped-frame events, about 197 missing messages | header clock anomaly on 2 topics; convert using MCAP log_time",/home/liumouyun/extended_storage/liumouyun/Datas/f1-5-201/episode_000122
f1-5-201,episode_000123,FRAGMENT_ONLY,61.502618534,59.3273606300354,0.9927697441601779,210,240,1,2,59.03773379325867,49.26236271858215,3,821109303,,"one or more required streams has a gap >200 ms | 210 dropped-frame events, about 240 missing messages | header clock anomaly on 3 topics; convert using MCAP log_time",/home/liumouyun/extended_storage/liumouyun/Datas/f1-5-201/episode_000123
f1-5-201,episode_000124,FRAGMENT_ONLY,70.907397865,70.84703254699707,0.9934792734047508,113,144,1,2,70.6243360042572,59.6449875831604,2,958153806,,"one or more required streams has a gap >200 ms | 113 dropped-frame events, about 144 missing messages | header clock anomaly on 2 topics; convert using MCAP log_time",/home/liumouyun/extended_storage/liumouyun/Datas/f1-5-201/episode_000124
f1-5-201,episode_000125,FRAGMENT_ONLY,64.942952293,64.87690830230713,0.987792472024415,136,172,1,2,64.3437569141388,35.70979928970337,2,881253992,,"one or more required streams has a gap >200 ms | 136 dropped-frame events, about 172 missing messages | header clock anomaly on 2 topics; convert using MCAP log_time",/home/liumouyun/extended_storage/liumouyun/Datas/f1-5-201/episode_000125
f1-5-201,episode_000126,FRAGMENT_ONLY,71.66985243,71.59829235076904,0.9820276497695852,230,293,6,4,68.38243818283081,29.820995330810547,3,973713962,,"one or more required streams has a gap >200 ms | 230 dropped-frame events, about 293 missing messages | header clock anomaly on 3 topics; convert using MCAP log_time",/home/liumouyun/extended_storage/liumouyun/Datas/f1-5-201/episode_000126
f1-5-201,episode_000127,READY,61.362895766,59.17012357711792,0.9910764082543224,175,215,0,1,59.17012357711792,59.17012357711792,3,815268767,,"175 dropped-frame events, about 215 missing messages | header clock anomaly on 3 topics; convert using MCAP log_time",/home/liumouyun/extended_storage/liumouyun/Datas/f1-5-201/episode_000127
f1-5-201,episode_000128,FRAGMENT_ONLY,67.015036987,66.94730114936829,0.988171513060621,190,231,2,2,61.44703221321106,50.969104528427124,3,907203318,,"one or more required streams has a gap >200 ms | 190 dropped-frame events, about 231 missing messages | header clock anomaly on 3 topics; convert using MCAP log_time",/home/liumouyun/extended_storage/liumouyun/Datas/f1-5-201/episode_000128
f1-5-201,episode_000129,FRAGMENT_ONLY,65.296104386,62.62417197227478,0.9905163329820864,156,188,3,3,61.86506795883179,31.03328847885132,3,882715817,,"one or more required streams has a gap >200 ms | 156 dropped-frame events, about 188 missing messages | header clock anomaly on 3 topics; convert using MCAP log_time",/home/liumouyun/extended_storage/liumouyun/Datas/f1-5-201/episode_000129
f1-5-201,episode_000130,REJECT,,,,,,,,,,,,metadata/file error: metadata.yaml is empty or invalid,,/home/liumouyun/extended_storage/liumouyun/Datas/f1-5-201/episode_000130
f1-5-201,episode_000131,REJECT,,,,,,,,,,,,metadata/file error: metadata.yaml is empty or invalid,,/home/liumouyun/extended_storage/liumouyun/Datas/f1-5-201/episode_000131
f1-5-201,episode_000132,FRAGMENT_ONLY,61.265037415,59.17839455604553,0.9944227551589515,145,163,1,2,58.89643144607544,41.86013841629028,1,820340743,,"one or more required streams has a gap >200 ms | 145 dropped-frame events, about 163 missing messages | header clock anomaly on 1 topics; convert using MCAP log_time",/home/liumouyun/extended_storage/liumouyun/Datas/f1-5-201/episode_000132
f1-5-201,episode_000133,FRAGMENT_ONLY,60.758584859,60.706984758377075,0.9934782608695653,149,168,1,1,56.494245767593384,56.494245767593384,2,828673836,,"one or more required streams has a gap >200 ms | 149 dropped-frame events, about 168 missing messages | header clock anomaly on 2 topics; convert using MCAP log_time",/home/liumouyun/extended_storage/liumouyun/Datas/f1-5-201/episode_000133
f1-5-201,episode_000134,FRAGMENT_ONLY,60.524831498,60.47137808799744,0.9934497816593887,180,201,2,2,59.014758348464966,47.39566469192505,3,826818126,,"one or more required streams has a gap >200 ms | 180 dropped-frame events, about 201 missing messages | header clock anomaly on 3 topics; convert using MCAP log_time",/home/liumouyun/extended_storage/liumouyun/Datas/f1-5-201/episode_000134
f1-5-201,episode_000135,FRAGMENT_ONLY,60.214019609,60.13889980316162,0.9895776193088316,130,167,2,2,59.25001239776611,32.68856453895569,2,822349318,,"one or more required streams has a gap >200 ms | 130 dropped-frame events, about 167 missing messages | header clock anomaly on 2 topics; convert using MCAP log_time",/home/liumouyun/extended_storage/liumouyun/Datas/f1-5-201/episode_000135
f1-5-201,episode_000136,FRAGMENT_ONLY,62.60423284,60.420114278793335,0.9890770070999454,149,178,2,3,59.70606803894043,25.241716861724854,2,836531967,,"one or more required streams has a gap >200 ms | 149 dropped-frame events, about 178 missing messages | header clock anomaly on 2 topics; convert using MCAP log_time",/home/liumouyun/extended_storage/liumouyun/Datas/f1-5-201/episode_000136
f1-5-201,episode_000137,FRAGMENT_ONLY,59.094250775,59.02038359642029,0.9843400447427293,150,197,2,2,54.15772271156311,41.55003118515015,2,807976621,,"one or more required streams has a gap >200 ms | 150 dropped-frame events, about 197 missing messages | header clock anomaly on 2 topics; convert using MCAP log_time",/home/liumouyun/extended_storage/liumouyun/Datas/f1-5-201/episode_000137
f1-5-201,episode_000138,FRAGMENT_ONLY,62.767930905,62.71247363090515,0.9889473684210527,146,184,2,2,59.007317543029785,34.655006647109985,3,851824413,,"one or more required streams has a gap >200 ms | 146 dropped-frame events, about 184 missing messages | header clock anomaly on 3 topics; convert using MCAP log_time",/home/liumouyun/extended_storage/liumouyun/Datas/f1-5-201/episode_000138
f1-5-201,episode_000139,FRAGMENT_ONLY,67.044187774,64.69177460670471,0.9892911779704232,176,208,3,3,61.365997076034546,32.635587215423584,2,899787962,,"one or more required streams has a gap >200 ms | 176 dropped-frame events, about 208 missing messages | header clock anomaly on 2 topics; convert using MCAP log_time",/home/liumouyun/extended_storage/liumouyun/Datas/f1-5-201/episode_000139
f1-5-201,episode_000140,FRAGMENT_ONLY,63.585619348,61.50242352485657,0.9887339055793991,164,212,2,2,60.685224294662476,43.89248442649841,3,857334379,,"one or more required streams has a gap >200 ms | 164 dropped-frame events, about 212 missing messages | header clock anomaly on 3 topics; convert using MCAP log_time",/home/liumouyun/extended_storage/liumouyun/Datas/f1-5-201/episode_000140
f1-5-201,episode_000141,FRAGMENT_ONLY,57.782762813,55.59198307991028,0.9827893175074184,161,212,3,4,54.56949782371521,20.995407104492188,2,777291511,,"one or more required streams has a gap >200 ms | 161 dropped-frame events, about 212 missing messages | header clock anomaly on 2 topics; convert using MCAP log_time",/home/liumouyun/extended_storage/liumouyun/Datas/f1-5-201/episode_000141
f1-5-201,episode_000142,FRAGMENT_ONLY,63.156405321,60.95331072807312,0.9880952380952381,181,220,2,2,58.17606329917908,33.4620943069458,3,846309594,,"one or more required streams has a gap >200 ms | 181 dropped-frame events, about 220 missing messages | header clock anomaly on 3 topics; convert using MCAP log_time",/home/liumouyun/extended_storage/liumouyun/Datas/f1-5-201/episode_000142
f1-5-201,episode_000143,FRAGMENT_ONLY,64.470646358,64.40316534042358,0.9825819672131147,196,251,6,4,62.21470355987549,31.17889904975891,3,878244873,,"one or more required streams has a gap >200 ms | 196 dropped-frame events, about 251 missing messages | header clock anomaly on 3 topics; convert using MCAP log_time",/home/liumouyun/extended_storage/liumouyun/Datas/f1-5-201/episode_000143
f1-5-201,episode_000144,READY,66.383771219,64.19773697853088,0.9958890030832477,166,185,0,1,64.19773697853088,64.19773697853088,3,898502854,,"166 dropped-frame events, about 185 missing messages | header clock anomaly on 3 topics; convert using MCAP log_time",/home/liumouyun/extended_storage/liumouyun/Datas/f1-5-201/episode_000144
f1-5-201,episode_000145,FRAGMENT_ONLY,69.035263709,68.96254801750183,0.9913875598086125,138,168,4,4,64.34685683250427,26.63120985031128,1,938584761,,"one or more required streams has a gap >200 ms | 138 dropped-frame events, about 168 missing messages | header clock anomaly on 1 topics; convert using MCAP log_time",/home/liumouyun/extended_storage/liumouyun/Datas/f1-5-201/episode_000145
f1-5-201,episode_000146,READY,62.570709386,62.513288497924805,0.9920844327176781,218,255,0,1,62.513288497924805,62.513288497924805,2,855256344,,"218 dropped-frame events, about 255 missing messages | header clock anomaly on 2 topics; convert using MCAP log_time",/home/liumouyun/extended_storage/liumouyun/Datas/f1-5-201/episode_000146
f1-5-201,episode_000147,READY,64.194590006,61.992974519729614,0.9968051118210862,175,194,0,1,61.992974519729614,61.992974519729614,2,856573415,,"175 dropped-frame events, about 194 missing messages | header clock anomaly on 2 topics; convert using MCAP log_time",/home/liumouyun/extended_storage/liumouyun/Datas/f1-5-201/episode_000147
f1-5-201,episode_000148,FRAGMENT_ONLY,66.221400784,64.11455774307251,0.9922799794132784,181,206,1,2,63.721965312957764,48.3636589050293,1,893551318,,"one or more required streams has a gap >200 ms | 181 dropped-frame events, about 206 missing messages | header clock anomaly on 1 topics; convert using MCAP log_time",/home/liumouyun/extended_storage/liumouyun/Datas/f1-5-201/episode_000148
f1-5-201,episode_000149,FRAGMENT_ONLY,59.295424997,59.22444224357605,0.9933147632311977,171,198,2,3,58.69517159461975,27.907840490341187,3,804409654,,"one or more required streams has a gap >200 ms | 171 dropped-frame events, about 198 missing messages | header clock anomaly on 3 topics; convert using MCAP log_time",/home/liumouyun/extended_storage/liumouyun/Datas/f1-5-201/episode_000149
f1-5-201,episode_000150,FRAGMENT_ONLY,63.909248024,61.80867147445679,0.9839829151094501,196,246,2,2,61.09196591377258,49.780272245407104,2,851997574,,"one or more required streams has a gap >200 ms | 196 dropped-frame events, about 246 missing messages | header clock anomaly on 2 topics; convert using MCAP log_time",/home/liumouyun/extended_storage/liumouyun/Datas/f1-5-201/episode_000150
f1-5-201,episode_000151,FRAGMENT_ONLY,60.936133108,60.86980152130127,0.9962039045553145,126,143,1,2,60.64877486228943,39.858365535736084,3,834529188,,"one or more required streams has a gap >200 ms | 126 dropped-frame events, about 143 missing messages | header clock anomaly on 3 topics; convert using MCAP log_time",/home/liumouyun/extended_storage/liumouyun/Datas/f1-5-201/episode_000151
f1-5-201,episode_000152,FRAGMENT_ONLY,60.093985164,57.56620383262634,0.9919724770642202,134,161,2,2,55.47586178779602,40.025819063186646,2,817471015,,"one or more required streams has a gap >200 ms | 134 dropped-frame events, about 161 missing messages | header clock anomaly on 2 topics; convert using MCAP log_time",/home/liumouyun/extended_storage/liumouyun/Datas/f1-5-201/episode_000152
f1-5-201,episode_000153,READY,59.752063424,59.68367004394531,0.995575221238938,165,189,0,1,59.68367004394531,59.68367004394531,1,809284483,,"165 dropped-frame events, about 189 missing messages | header clock anomaly on 1 topics; convert using MCAP log_time",/home/liumouyun/extended_storage/liumouyun/Datas/f1-5-201/episode_000153
f1-5-201,episode_000154,FRAGMENT_ONLY,66.57560895,66.5138840675354,0.994044665012407,157,183,1,2,66.30214953422546,58.052255392074585,1,902714618,,"one or more required streams has a gap >200 ms | 157 dropped-frame events, about 183 missing messages | header clock anomaly on 1 topics; convert using MCAP log_time",/home/liumouyun/extended_storage/liumouyun/Datas/f1-5-201/episode_000154
f1-5-201,episode_000155,FRAGMENT_ONLY,61.577266896,59.412214517593384,0.9866740699611327,173,215,2,3,58.927168130874634,29.92301654815674,2,812922300,,"one or more required streams has a gap >200 ms | 173 dropped-frame events, about 215 missing messages | header clock anomaly on 2 topics; convert using MCAP log_time",/home/liumouyun/extended_storage/liumouyun/Datas/f1-5-201/episode_000155
f1-5-201,episode_000156,FRAGMENT_ONLY,57.80165472,55.73176646232605,0.9881586737714624,140,177,3,4,54.97394847869873,26.985654830932617,3,774392133,,"one or more required streams has a gap >200 ms | 140 dropped-frame events, about 177 missing messages | header clock anomaly on 3 topics; convert using MCAP log_time",/home/liumouyun/extended_storage/liumouyun/Datas/f1-5-201/episode_000156
f1-5-201,episode_000157,FRAGMENT_ONLY,54.891664443,52.70107650756836,0.9906073888541015,98,126,1,2,52.47828006744385,43.03278589248657,2,733342143,,"one or more required streams has a gap >200 ms | 98 dropped-frame events, about 126 missing messages | header clock anomaly on 2 topics; convert using MCAP log_time",/home/liumouyun/extended_storage/liumouyun/Datas/f1-5-201/episode_000157
f1-5-201,episode_000158,FRAGMENT_ONLY,63.000532312,60.46048355102539,0.9896344789961812,208,244,2,3,59.92478656768799,28.952533960342407,3,833756027,,"one or more required streams has a gap >200 ms | 208 dropped-frame events, about 244 missing messages | header clock anomaly on 3 topics; convert using MCAP log_time",/home/liumouyun/extended_storage/liumouyun/Datas/f1-5-201/episode_000158
f1-5-201,episode_000159,READY,63.359712099,63.29901123046875,0.9942648592283628,205,226,0,1,63.29901123046875,63.29901123046875,2,857932704,,"205 dropped-frame events, about 226 missing messages | header clock anomaly on 2 topics; convert using MCAP log_time",/home/liumouyun/extended_storage/liumouyun/Datas/f1-5-201/episode_000159
f1-5-201,episode_000160,FRAGMENT_ONLY,58.086335406,55.91814923286438,0.9952802359882006,206,222,1,2,55.616819620132446,46.00750494003296,3,769420709,,"one or more required streams has a gap >200 ms | 206 dropped-frame events, about 222 missing messages | header clock anomaly on 3 topics; convert using MCAP log_time",/home/liumouyun/extended_storage/liumouyun/Datas/f1-5-201/episode_000160
f1-5-201,episode_000161,FRAGMENT_ONLY,57.7029746,55.59046649932861,0.9887240356083086,135,177,3,2,50.284045934677124,31.674409866333008,3,767907380,,"one or more required streams has a gap >200 ms | 135 dropped-frame events, about 177 missing messages | header clock anomaly on 3 topics; convert using MCAP log_time",/home/liumouyun/extended_storage/liumouyun/Datas/f1-5-201/episode_000161
f1-5-201,episode_000162,FRAGMENT_ONLY,58.864413942,58.80592489242554,0.9870931537598204,142,180,3,3,57.93362045288086,26.6739661693573,2,793708893,,"one or more required streams has a gap >200 ms | 142 dropped-frame events, about 180 missing messages | header clock anomaly on 2 topics; convert using MCAP log_time",/home/liumouyun/extended_storage/liumouyun/Datas/f1-5-201/episode_000162
f1-5-201,episode_000163,FRAGMENT_ONLY,56.337302183,54.15298891067505,0.9890310786106032,129,164,2,2,52.82724857330322,37.64675760269165,3,746399066,,"one or more required streams has a gap >200 ms | 129 dropped-frame events, about 164 missing messages | header clock anomaly on 3 topics; convert using MCAP log_time",/home/liumouyun/extended_storage/liumouyun/Datas/f1-5-201/episode_000163
f1-5-201,episode_000164,FRAGMENT_ONLY,56.732465915,56.6666054725647,0.9965055329062318,225,237,1,2,56.444714069366455,46.16655898094177,3,768112593,,"one or more required streams has a gap >200 ms | 225 dropped-frame events, about 237 missing messages | header clock anomaly on 3 topics; convert using MCAP log_time",/home/liumouyun/extended_storage/liumouyun/Datas/f1-5-201/episode_000164
f1-5-201,episode_000165,FRAGMENT_ONLY,52.115220694,49.92897415161133,0.9947159841479525,119,133,1,1,46.26035213470459,46.26035213470459,3,690916303,,"one or more required streams has a gap >200 ms | 119 dropped-frame events, about 133 missing messages | header clock anomaly on 3 topics; convert using MCAP log_time",/home/liumouyun/extended_storage/liumouyun/Datas/f1-5-201/episode_000165
f1-5-201,episode_000166,FRAGMENT_ONLY,60.921305989,60.83157515525818,0.9945770065075922,167,188,1,2,60.5405330657959,50.16710042953491,2,821871735,,"one or more required streams has a gap >200 ms | 167 dropped-frame events, about 188 missing messages | header clock anomaly on 2 topics; convert using MCAP log_time",/home/liumouyun/extended_storage/liumouyun/Datas/f1-5-201/episode_000166
f1-5-201,episode_000167,FRAGMENT_ONLY,63.102596071,60.964757204055786,0.9935029778018408,145,172,2,3,60.39507460594177,33.46640872955322,2,842656933,,"one or more required streams has a gap >200 ms | 145 dropped-frame events, about 172 missing messages | header clock anomaly on 2 topics; convert using MCAP log_time",/home/liumouyun/extended_storage/liumouyun/Datas/f1-5-201/episode_000167
f1-5-201,episode_000168,FRAGMENT_ONLY,62.917423173,62.84876298904419,0.9916010498687664,124,154,1,2,62.59247851371765,37.26206922531128,1,844757702,,"one or more required streams has a gap >200 ms | 124 dropped-frame events, about 154 missing messages | header clock anomaly on 1 topics; convert using MCAP log_time",/home/liumouyun/extended_storage/liumouyun/Datas/f1-5-201/episode_000168
f1-5-201,episode_000169,FRAGMENT_ONLY,58.047543619,55.135094165802,0.9940155595451825,110,126,1,2,54.87926173210144,46.26567339897156,1,772688283,,"one or more required streams has a gap >200 ms | 110 dropped-frame events, about 126 missing messages | header clock anomaly on 1 topics; convert using MCAP log_time",/home/liumouyun/extended_storage/liumouyun/Datas/f1-5-201/episode_000169
f1-5-201,episode_000170,FRAGMENT_ONLY,59.244778192,59.195276975631714,0.9916387959866221,143,174,2,2,57.95704650878906,37.52201962471008,2,801355499,,"one or more required streams has a gap >200 ms | 143 dropped-frame events, about 174 missing messages | header clock anomaly on 2 topics; convert using MCAP log_time",/home/liumouyun/extended_storage/liumouyun/Datas/f1-5-201/episode_000170
f1-5-201,episode_000171,FRAGMENT_ONLY,54.048531277,51.7955687046051,0.9904397705544933,154,183,2,2,47.78779721260071,24.394228219985962,2,710946523,,"one or more required streams has a gap >200 ms | 154 dropped-frame events, about 183 missing messages | header clock anomaly on 2 topics; convert using MCAP log_time",/home/liumouyun/extended_storage/liumouyun/Datas/f1-5-201/episode_000171
f1-5-201,episode_000172,READY,51.583568425,51.54597616195679,0.998719590268886,115,123,0,1,51.54597616195679,51.54597616195679,1,699143349,,"115 dropped-frame events, about 123 missing messages | header clock anomaly on 1 topics; convert using MCAP log_time",/home/liumouyun/extended_storage/liumouyun/Datas/f1-5-201/episode_000172
f1-5-201,episode_000173,FRAGMENT_ONLY,60.752821867,60.71858286857605,0.9945652173913043,141,162,1,2,60.471851110458374,48.02818417549133,3,822007125,,"one or more required streams has a gap >200 ms | 141 dropped-frame events, about 162 missing messages | header clock anomaly on 3 topics; convert using MCAP log_time",/home/liumouyun/extended_storage/liumouyun/Datas/f1-5-201/episode_000173
f1-5-201,episode_000174,FRAGMENT_ONLY,64.938479339,64.86144137382507,0.9944020356234097,185,206,1,2,64.56763553619385,41.41000699996948,2,881143998,,"one or more required streams has a gap >200 ms | 185 dropped-frame events, about 206 missing messages | header clock anomaly on 2 topics; convert using MCAP log_time",/home/liumouyun/extended_storage/liumouyun/Datas/f1-5-201/episode_000174
f1-5-201,episode_000175,FRAGMENT_ONLY,52.115706981,49.79390501976013,0.9880715705765407,164,196,3,3,45.68505811691284,32.055535554885864,2,679940085,,"one or more required streams has a gap >200 ms | 164 dropped-frame events, about 196 missing messages | header clock anomaly on 2 topics; convert using MCAP log_time",/home/liumouyun/extended_storage/liumouyun/Datas/f1-5-201/episode_000175
f1-5-201,episode_000176,FRAGMENT_ONLY,57.449706618,57.38437485694885,0.9821736630247269,217,263,3,3,52.24613165855408,19.334763288497925,2,773798674,,"one or more required streams has a gap >200 ms | 217 dropped-frame events, about 263 missing messages | header clock anomaly on 2 topics; convert using MCAP log_time",/home/liumouyun/extended_storage/liumouyun/Datas/f1-5-201/episode_000176
f1-5-201,episode_000177,READY,55.965544628,53.805267572402954,0.9950920245398773,156,175,0,1,53.805267572402954,53.805267572402954,2,738246511,,"156 dropped-frame events, about 175 missing messages | header clock anomaly on 2 topics; convert using MCAP log_time",/home/liumouyun/extended_storage/liumouyun/Datas/f1-5-201/episode_000177
f1-5-201,episode_000178,READY,60.459863257,60.39061498641968,0.9956284153005465,152,166,0,1,60.39061498641968,60.39061498641968,2,820194155,,"152 dropped-frame events, about 166 missing messages | header clock anomaly on 2 topics; convert using MCAP log_time",/home/liumouyun/extended_storage/liumouyun/Datas/f1-5-201/episode_000178
f1-5-201,episode_000179,FRAGMENT_ONLY,58.973254007,58.91858720779419,0.9938375350140056,150,173,1,2,58.6970751285553,37.81079888343811,1,792363588,,"one or more required streams has a gap >200 ms | 150 dropped-frame events, about 173 missing messages | header clock anomaly on 1 topics; convert using MCAP log_time",/home/liumouyun/extended_storage/liumouyun/Datas/f1-5-201/episode_000179
f1-5-201,episode_000180,FRAGMENT_ONLY,58.459965896,56.19163250923157,0.9970640046975925,157,172,1,1,54.74358344078064,54.74358344078064,2,779021352,,"one or more required streams has a gap >200 ms | 157 dropped-frame events, about 172 missing messages | header clock anomaly on 2 topics; convert using MCAP log_time",/home/liumouyun/extended_storage/liumouyun/Datas/f1-5-201/episode_000180
f1-5-201,episode_000181,FRAGMENT_ONLY,55.557450628,55.498459577560425,0.990487514863258,183,219,1,2,55.24266219139099,44.430992126464844,3,747706094,,"one or more required streams has a gap >200 ms | 183 dropped-frame events, about 219 missing messages | header clock anomaly on 3 topics; convert using MCAP log_time",/home/liumouyun/extended_storage/liumouyun/Datas/f1-5-201/episode_000181
f1-5-201,episode_000182,FRAGMENT_ONLY,57.0580356,56.969738245010376,0.9942062572421785,133,154,1,2,56.680389642715454,41.04744076728821,1,768383544,,"one or more required streams has a gap >200 ms | 133 dropped-frame events, about 154 missing messages | header clock anomaly on 1 topics; convert using MCAP log_time",/home/liumouyun/extended_storage/liumouyun/Datas/f1-5-201/episode_000182
f1-5-201,episode_000183,READY,53.298027258,50.71328043937683,0.9993493819128172,125,131,0,1,50.71328043937683,50.71328043937683,1,711249835,,"125 dropped-frame events, about 131 missing messages | header clock anomaly on 1 topics; convert using MCAP log_time",/home/liumouyun/extended_storage/liumouyun/Datas/f1-5-201/episode_000183
f1-5-201,episode_000184,FRAGMENT_ONLY,65.463913997,63.36140251159668,0.9859375,188,226,4,2,51.73854947090149,41.28143906593323,1,870776005,,"one or more required streams has a gap >200 ms | 188 dropped-frame events, about 226 missing messages | header clock anomaly on 1 topics; convert using MCAP log_time",/home/liumouyun/extended_storage/liumouyun/Datas/f1-5-201/episode_000184
f1-5-201,episode_000185,READY,62.855456302,60.7574508190155,0.9951113525258012,138,164,0,1,60.7574508190155,60.7574508190155,2,836023039,,"138 dropped-frame events, about 164 missing messages | header clock anomaly on 2 topics; convert using MCAP log_time",/home/liumouyun/extended_storage/liumouyun/Datas/f1-5-201/episode_000185
f1-5-201,episode_000186,FRAGMENT_ONLY,54.171433175,54.115492820739746,0.9896278218425869,161,192,2,2,50.382256746292114,34.63817048072815,3,731347677,,"one or more required streams has a gap >200 ms | 161 dropped-frame events, about 192 missing messages | header clock anomaly on 3 topics; convert using MCAP log_time",/home/liumouyun/extended_storage/liumouyun/Datas/f1-5-201/episode_000186
f1-5-201,episode_000187,FRAGMENT_ONLY,55.629488017,55.571938037872314,0.9869358669833729,124,154,3,3,52.19196915626526,27.876649856567383,2,758739484,,"one or more required streams has a gap >200 ms | 124 dropped-frame events, about 154 missing messages | header clock anomaly on 2 topics; convert using MCAP log_time",/home/liumouyun/extended_storage/liumouyun/Datas/f1-5-201/episode_000187
f1-5-201,episode_000188,FRAGMENT_ONLY,56.637001841,56.57600116729736,0.9859976662777129,143,186,3,3,55.00195622444153,27.095770120620728,2,762738552,,"one or more required streams has a gap >200 ms | 143 dropped-frame events, about 186 missing messages | header clock anomaly on 2 topics; convert using MCAP log_time",/home/liumouyun/extended_storage/liumouyun/Datas/f1-5-201/episode_000188
f1-5-201,episode_000189,FRAGMENT_ONLY,65.882653691,62.861371755599976,0.9931758530183727,180,201,1,2,62.606865882873535,47.56284308433533,3,881381629,,"one or more required streams has a gap >200 ms | 180 dropped-frame events, about 201 missing messages | header clock anomaly on 3 topics; convert using MCAP log_time",/home/liumouyun/extended_storage/liumouyun/Datas/f1-5-201/episode_000189
f1-5-201,episode_000190,READY,68.83066519,68.77233338356018,0.9956813819577736,177,204,0,1,68.77233338356018,68.77233338356018,3,925836344,,"177 dropped-frame events, about 204 missing messages | header clock anomaly on 3 topics; convert using MCAP log_time",/home/liumouyun/extended_storage/liumouyun/Datas/f1-5-201/episode_000190
f1-5-201,episode_000191,FRAGMENT_ONLY,49.71431874,49.663915395736694,0.9867021276595744,106,133,2,2,48.19811511039734,38.69091987609863,3,673714202,,"one or more required streams has a gap >200 ms | 106 dropped-frame events, about 133 missing messages | header clock anomaly on 3 topics; convert using MCAP log_time",/home/liumouyun/extended_storage/liumouyun/Datas/f1-5-201/episode_000191
f1-5-201,episode_000192,READY,55.085366952,52.068272829055786,0.9955640050697085,120,134,0,1,52.068272829055786,52.068272829055786,3,737944985,,"120 dropped-frame events, about 134 missing messages | header clock anomaly on 3 topics; convert using MCAP log_time",/home/liumouyun/extended_storage/liumouyun/Datas/f1-5-201/episode_000192
f1-5-201,episode_000193,FRAGMENT_ONLY,57.98443123,55.28676390647888,0.9952267303102625,201,222,1,2,55.04988670349121,37.762898206710815,3,762295436,,"one or more required streams has a gap >200 ms | 201 dropped-frame events, about 222 missing messages | header clock anomaly on 3 topics; convert using MCAP log_time",/home/liumouyun/extended_storage/liumouyun/Datas/f1-5-201/episode_000193
f1-5-201,episode_000194,FRAGMENT_ONLY,65.411225543,65.33066773414612,0.988377968671046,154,194,2,2,61.05258393287659,33.18452596664429,2,890149239,,"one or more required streams has a gap >200 ms | 154 dropped-frame events, about 194 missing messages | header clock anomaly on 2 topics; convert using MCAP log_time",/home/liumouyun/extended_storage/liumouyun/Datas/f1-5-201/episode_000194
f1-5-201,episode_000195,FRAGMENT_ONLY,53.169138174,53.11206388473511,0.9881914232442511,126,161,1,2,52.711310148239136,40.99710726737976,3,719326182,,"one or more required streams has a gap >200 ms | 126 dropped-frame events, about 161 missing messages | header clock anomaly on 3 topics; convert using MCAP log_time",/home/liumouyun/extended_storage/liumouyun/Datas/f1-5-201/episode_000195
f1-5-201,episode_000196,FRAGMENT_ONLY,55.863271656,53.74108600616455,0.9864947820748926,172,213,2,1,48.60215377807617,48.60215377807617,3,749480533,,"one or more required streams has a gap >200 ms | 172 dropped-frame events, about 213 missing messages | header clock anomaly on 3 topics; convert using MCAP log_time",/home/liumouyun/extended_storage/liumouyun/Datas/f1-5-201/episode_000196
f1-5-201,episode_000197,FRAGMENT_ONLY,58.68719346,56.24923253059387,0.9941348973607038,144,162,2,3,55.728474378585815,28.224872827529907,2,776447444,,"one or more required streams has a gap >200 ms | 144 dropped-frame events, about 162 missing messages | header clock anomaly on 2 topics; convert using MCAP log_time",/home/liumouyun/extended_storage/liumouyun/Datas/f1-5-201/episode_000197
f1-5-201,episode_000198,FRAGMENT_ONLY,60.281074377,59.95072555541992,0.9928845101258894,156,188,1,1,58.3205463886261,58.3205463886261,2,818123400,,"one or more required streams has a gap >200 ms | 156 dropped-frame events, about 188 missing messages | header clock anomaly on 2 topics; convert using MCAP log_time",/home/liumouyun/extended_storage/liumouyun/Datas/f1-5-201/episode_000198
f1-5-201,episode_000199,FRAGMENT_ONLY,51.608551333,49.33238387107849,0.9832775919732442,130,170,4,4,48.05299186706543,22.67300295829773,3,686382133,,"one or more required streams has a gap >200 ms | 130 dropped-frame events, about 170 missing messages | header clock anomaly on 3 topics; convert using MCAP log_time",/home/liumouyun/extended_storage/liumouyun/Datas/f1-5-201/episode_000199
f1-5-201,episode_000200,FRAGMENT_ONLY,56.785100007,56.73067355155945,0.9936009307737056,151,183,1,2,56.44447112083435,33.474225759506226,3,770135389,,"one or more required streams has a gap >200 ms | 151 dropped-frame events, about 183 missing messages | header clock anomaly on 3 topics; convert using MCAP log_time",/home/liumouyun/extended_storage/liumouyun/Datas/f1-5-201/episode_000200
f1-6-201,episode_000000,FRAGMENT_ONLY,58.969628377,57.04884314537048,0.9942129629629629,144,171,2,3,56.6017541885376,32.289581060409546,2,929774314,,"one or more required streams has a gap >200 ms | 144 dropped-frame events, about 171 missing messages | header clock anomaly on 2 topics; convert using MCAP log_time",/home/liumouyun/extended_storage/liumouyun/Datas/f1-6-201/episode_000000
f1-6-201,episode_000001,FRAGMENT_ONLY,55.010425999,54.933029651641846,0.996996996996997,134,154,1,2,54.71084451675415,32.64994406700134,2,881909799,,"one or more required streams has a gap >200 ms | 134 dropped-frame events, about 154 missing messages | header clock anomaly on 2 topics; convert using MCAP log_time",/home/liumouyun/extended_storage/liumouyun/Datas/f1-6-201/episode_000001
f1-6-201,episode_000002,READY,50.853898898,50.79118752479553,0.9993502274204028,117,119,0,1,50.79118752479553,50.79118752479553,3,812803600,,"117 dropped-frame events, about 119 missing messages | header clock anomaly on 3 topics; convert using MCAP log_time",/home/liumouyun/extended_storage/liumouyun/Datas/f1-6-201/episode_000002
f1-6-201,episode_000003,FRAGMENT_ONLY,57.80193636,57.722939014434814,0.9931389365351629,133,157,1,1,56.41093349456787,56.41093349456787,2,926018715,,"one or more required streams has a gap >200 ms | 133 dropped-frame events, about 157 missing messages | header clock anomaly on 2 topics; convert using MCAP log_time",/home/liumouyun/extended_storage/liumouyun/Datas/f1-6-201/episode_000003
f1-6-201,episode_000004,FRAGMENT_ONLY,55.947034638,55.594260931015015,0.9893742621015348,150,184,2,2,50.65716576576233,29.322046995162964,3,890037745,,"one or more required streams has a gap >200 ms | 150 dropped-frame events, about 184 missing messages | header clock anomaly on 3 topics; convert using MCAP log_time",/home/liumouyun/extended_storage/liumouyun/Datas/f1-6-201/episode_000004
f1-6-201,episode_000005,FRAGMENT_ONLY,63.879006404,63.836286783218384,0.9927611168562565,153,188,1,2,63.61356449127197,32.331220865249634,2,1017621616,,"one or more required streams has a gap >200 ms | 153 dropped-frame events, about 188 missing messages | header clock anomaly on 2 topics; convert using MCAP log_time",/home/liumouyun/extended_storage/liumouyun/Datas/f1-6-201/episode_000005
f1-6-201,episode_000006,FRAGMENT_ONLY,57.915246693,56.25927972793579,0.9865102639296187,157,195,3,3,52.959776878356934,28.945225715637207,1,913156998,,"one or more required streams has a gap >200 ms | 157 dropped-frame events, about 195 missing messages | header clock anomaly on 1 topics; convert using MCAP log_time",/home/liumouyun/extended_storage/liumouyun/Datas/f1-6-201/episode_000006
f1-6-201,episode_000007,FRAGMENT_ONLY,54.649115943,54.549615144729614,0.9885126964933495,126,158,2,3,54.00316143035889,20.53505301475525,2,874790196,,"one or more required streams has a gap >200 ms | 126 dropped-frame events, about 158 missing messages | header clock anomaly on 2 topics; convert using MCAP log_time",/home/liumouyun/extended_storage/liumouyun/Datas/f1-6-201/episode_000007
f1-6-201,episode_000008,FRAGMENT_ONLY,60.735431979,60.66906762123108,0.9940152339499456,127,154,1,2,60.41403412818909,45.126033544540405,3,971599373,,"one or more required streams has a gap >200 ms | 127 dropped-frame events, about 154 missing messages | header clock anomaly on 3 topics; convert using MCAP log_time",/home/liumouyun/extended_storage/liumouyun/Datas/f1-6-201/episode_000008
f1-6-201,episode_000009,FRAGMENT_ONLY,54.202916082,52.28272032737732,0.9823343848580441,104,149,5,3,41.81931447982788,24.641319751739502,3,857803759,,"one or more required streams has a gap >200 ms | 104 dropped-frame events, about 149 missing messages | header clock anomaly on 3 topics; convert using MCAP log_time",/home/liumouyun/extended_storage/liumouyun/Datas/f1-6-201/episode_000009
f1-6-201,episode_000010,FRAGMENT_ONLY,56.740726462,56.69352698326111,0.9877408056042032,117,173,2,3,56.01538562774658,26.786437511444092,3,900562763,,"one or more required streams has a gap >200 ms | 117 dropped-frame events, about 173 missing messages | header clock anomaly on 3 topics; convert using MCAP log_time",/home/liumouyun/extended_storage/liumouyun/Datas/f1-6-201/episode_000010
f1-6-201,episode_000011,READY,53.702981971,53.630305767059326,0.9956923076923077,123,142,0,1,53.630305767059326,53.630305767059326,2,856029212,,"123 dropped-frame events, about 142 missing messages | header clock anomaly on 2 topics; convert using MCAP log_time",/home/liumouyun/extended_storage/liumouyun/Datas/f1-6-201/episode_000011
f1-6-201,episode_000012,FRAGMENT_ONLY,62.905331062,62.842299461364746,0.9858193277310925,162,212,4,3,60.81691551208496,40.014018535614014,3,1003757837,,"one or more required streams has a gap >200 ms | 162 dropped-frame events, about 212 missing messages | header clock anomaly on 3 topics; convert using MCAP log_time",/home/liumouyun/extended_storage/liumouyun/Datas/f1-6-201/episode_000012
f1-6-201,episode_000013,FRAGMENT_ONLY,63.041072756,62.97608780860901,0.9942348008385744,139,163,1,2,62.55373954772949,37.18594765663147,3,1004735916,,"one or more required streams has a gap >200 ms | 139 dropped-frame events, about 163 missing messages | header clock anomaly on 3 topics; convert using MCAP log_time",/home/liumouyun/extended_storage/liumouyun/Datas/f1-6-201/episode_000013
f1-6-201,episode_000014,READY,52.936008777,50.110084772109985,0.9973666886109283,88,104,0,1,50.110084772109985,50.110084772109985,2,819383569,,"88 dropped-frame events, about 104 missing messages | header clock anomaly on 2 topics; convert using MCAP log_time",/home/liumouyun/extended_storage/liumouyun/Datas/f1-6-201/episode_000014
f1-6-201,episode_000015,FRAGMENT_ONLY,60.899671831,60.825854778289795,0.9896963123644251,154,194,3,3,59.94455599784851,28.97141718864441,2,976838083,,"one or more required streams has a gap >200 ms | 154 dropped-frame events, about 194 missing messages | header clock anomaly on 2 topics; convert using MCAP log_time",/home/liumouyun/extended_storage/liumouyun/Datas/f1-6-201/episode_000015
f1-6-201,episode_000016,FRAGMENT_ONLY,58.208089637,58.163872480392456,0.9914869466515324,155,186,1,1,57.3790647983551,57.3790647983551,2,929681388,,"one or more required streams has a gap >200 ms | 155 dropped-frame events, about 186 missing messages | header clock anomaly on 2 topics; convert using MCAP log_time",/home/liumouyun/extended_storage/liumouyun/Datas/f1-6-201/episode_000016
f1-6-201,episode_000017,READY,57.426643008,57.16551113128662,0.9988459319099827,117,133,0,1,57.16551113128662,57.16551113128662,2,915677397,,"117 dropped-frame events, about 133 missing messages | header clock anomaly on 2 topics; convert using MCAP log_time",/home/liumouyun/extended_storage/liumouyun/Datas/f1-6-201/episode_000017
f1-6-201,episode_000018,FRAGMENT_ONLY,62.939916229,59.87976908683777,0.9950413223140496,158,182,1,1,54.88508939743042,54.88508939743042,3,972723007,,"one or more required streams has a gap >200 ms | 158 dropped-frame events, about 182 missing messages | header clock anomaly on 3 topics; convert using MCAP log_time",/home/liumouyun/extended_storage/liumouyun/Datas/f1-6-201/episode_000018
f1-6-201,episode_000019,FRAGMENT_ONLY,56.630193573,54.08966851234436,0.9902379499694935,105,140,2,3,53.612937688827515,20.226361751556396,2,874092252,,"one or more required streams has a gap >200 ms | 105 dropped-frame events, about 140 missing messages | header clock anomaly on 2 topics; convert using MCAP log_time",/home/liumouyun/extended_storage/liumouyun/Datas/f1-6-201/episode_000019
f1-6-201,episode_000020,FRAGMENT_ONLY,60.777441655,60.71939206123352,0.9907306434023991,107,151,5,2,56.35363173484802,47.36599516868591,3,971371374,,"one or more required streams has a gap >200 ms | 107 dropped-frame events, about 151 missing messages | header clock anomaly on 3 topics; convert using MCAP log_time",/home/liumouyun/extended_storage/liumouyun/Datas/f1-6-201/episode_000020
f1-6-201,episode_000021,FRAGMENT_ONLY,59.968303933,59.777045249938965,0.9889624724061811,128,166,2,3,59.33132243156433,23.438525676727295,2,954692233,,"one or more required streams has a gap >200 ms | 128 dropped-frame events, about 166 missing messages | header clock anomaly on 2 topics; convert using MCAP log_time",/home/liumouyun/extended_storage/liumouyun/Datas/f1-6-201/episode_000021
f1-6-201,episode_000022,READY,54.079426045,53.74349498748779,0.9944717444717445,94,119,0,1,53.74349498748779,53.74349498748779,2,869375646,,"94 dropped-frame events, about 119 missing messages | header clock anomaly on 2 topics; convert using MCAP log_time",/home/liumouyun/extended_storage/liumouyun/Datas/f1-6-201/episode_000022
f1-6-201,episode_000023,FRAGMENT_ONLY,55.856128841,55.773608446121216,0.9934640522875817,152,204,4,3,55.263418197631836,26.573535442352295,2,891029321,,"one or more required streams has a gap >200 ms | 152 dropped-frame events, about 204 missing messages | header clock anomaly on 2 topics; convert using MCAP log_time",/home/liumouyun/extended_storage/liumouyun/Datas/f1-6-201/episode_000023
f1-6-201,episode_000024,FRAGMENT_ONLY,56.893197516,56.83904719352722,0.9901105293775451,129,171,1,2,56.55037593841553,40.731993436813354,2,908421251,,"one or more required streams has a gap >200 ms | 129 dropped-frame events, about 171 missing messages | header clock anomaly on 2 topics; convert using MCAP log_time",/home/liumouyun/extended_storage/liumouyun/Datas/f1-6-201/episode_000024
f1-6-201,episode_000025,FRAGMENT_ONLY,54.801377202,52.98011589050293,0.9781931464174455,148,206,3,3,49.631515979766846,22.145647287368774,3,869144962,,"one or more required streams has a gap >200 ms | 148 dropped-frame events, about 206 missing messages | header clock anomaly on 3 topics; convert using MCAP log_time",/home/liumouyun/extended_storage/liumouyun/Datas/f1-6-201/episode_000025
f1-6-201,episode_000026,FRAGMENT_ONLY,62.337064127,62.19485068321228,0.9920424403183024,145,176,3,2,60.7720308303833,51.58367991447449,3,995333873,,"one or more required streams has a gap >200 ms | 145 dropped-frame events, about 176 missing messages | header clock anomaly on 3 topics; convert using MCAP log_time",/home/liumouyun/extended_storage/liumouyun/Datas/f1-6-201/episode_000026
f1-6-201,episode_000027,FRAGMENT_ONLY,58.609071739,58.5395724773407,0.992090395480226,148,193,1,2,58.28367280960083,47.30780339241028,3,940475662,,"one or more required streams has a gap >200 ms | 148 dropped-frame events, about 193 missing messages | header clock anomaly on 3 topics; convert using MCAP log_time",/home/liumouyun/extended_storage/liumouyun/Datas/f1-6-201/episode_000027
f1-6-201,episode_000028,FRAGMENT_ONLY,58.339164665,58.29374289512634,0.9931856899488927,143,181,4,3,57.84326958656311,26.908827304840088,3,940037942,,"one or more required streams has a gap >200 ms | 143 dropped-frame events, about 181 missing messages | header clock anomaly on 3 topics; convert using MCAP log_time",/home/liumouyun/extended_storage/liumouyun/Datas/f1-6-201/episode_000028
f1-6-201,episode_000029,FRAGMENT_ONLY,61.515793701,61.46701192855835,0.9967689822294022,117,152,3,2,61.193153381347656,51.27600121498108,2,985941076,,"one or more required streams has a gap >200 ms | 117 dropped-frame events, about 152 missing messages | header clock anomaly on 2 topics; convert using MCAP log_time",/home/liumouyun/extended_storage/liumouyun/Datas/f1-6-201/episode_000029
f1-6-201,episode_000030,READY,66.288508543,66.23840808868408,0.9905331340308918,170,209,0,1,66.23840808868408,66.23840808868408,2,1061378238,,"170 dropped-frame events, about 209 missing messages | header clock anomaly on 2 topics; convert using MCAP log_time",/home/liumouyun/extended_storage/liumouyun/Datas/f1-6-201/episode_000030
f1-6-201,episode_000031,FRAGMENT_ONLY,55.800009276,53.14314889907837,0.9956548727498448,146,166,1,2,52.94251537322998,29.129796743392944,2,865299821,,"one or more required streams has a gap >200 ms | 146 dropped-frame events, about 166 missing messages | header clock anomaly on 2 topics; convert using MCAP log_time",/home/liumouyun/extended_storage/liumouyun/Datas/f1-6-201/episode_000031
f1-6-201,episode_000032,READY,62.49939109,62.42188763618469,0.9957627118644068,178,205,0,1,62.42188763618469,62.42188763618469,3,995825291,,"178 dropped-frame events, about 205 missing messages | header clock anomaly on 3 topics; convert using MCAP log_time",/home/liumouyun/extended_storage/liumouyun/Datas/f1-6-201/episode_000032
f1-6-201,episode_000033,FRAGMENT_ONLY,55.715051795,55.61648154258728,0.9922848664688427,137,164,2,3,55.00399470329285,31.480088233947754,3,888925837,,"one or more required streams has a gap >200 ms | 137 dropped-frame events, about 164 missing messages | header clock anomaly on 3 topics; convert using MCAP log_time",/home/liumouyun/extended_storage/liumouyun/Datas/f1-6-201/episode_000033
f1-6-201,episode_000034,READY,53.823562665,51.33391976356506,0.9967866323907455,106,119,0,1,51.33391976356506,51.33391976356506,1,847470502,,"106 dropped-frame events, about 119 missing messages | header clock anomaly on 1 topics; convert using MCAP log_time",/home/liumouyun/extended_storage/liumouyun/Datas/f1-6-201/episode_000034
f1-6-201,episode_000035,FRAGMENT_ONLY,62.342832571,59.73364853858948,0.9917127071823204,110,140,1,2,59.5069477558136,33.926358699798584,3,812780213,,"one or more required streams has a gap >200 ms | 110 dropped-frame events, about 140 missing messages | header clock anomaly on 3 topics; convert using MCAP log_time",/home/liumouyun/extended_storage/liumouyun/Datas/f1-6-201/episode_000035
f1-6-201,episode_000036,FRAGMENT_ONLY,59.367500535,59.31620454788208,0.9860879243183083,164,203,3,3,57.22336792945862,37.44407343864441,1,789774789,,"one or more required streams has a gap >200 ms | 164 dropped-frame events, about 203 missing messages | header clock anomaly on 1 topics; convert using MCAP log_time",/home/liumouyun/extended_storage/liumouyun/Datas/f1-6-201/episode_000036
f1-6-201,episode_000037,FRAGMENT_ONLY,59.687753849,57.58123755455017,0.9908098793796669,149,187,1,2,57.32518720626831,47.490949869155884,2,784597453,,"one or more required streams has a gap >200 ms | 149 dropped-frame events, about 187 missing messages | header clock anomaly on 2 topics; convert using MCAP log_time",/home/liumouyun/extended_storage/liumouyun/Datas/f1-6-201/episode_000037
f1-6-201,episode_000038,READY,59.427610813,56.776936531066895,0.9988372093023256,148,154,0,1,56.776936531066895,56.776936531066895,2,792662575,,"148 dropped-frame events, about 154 missing messages | header clock anomaly on 2 topics; convert using MCAP log_time",/home/liumouyun/extended_storage/liumouyun/Datas/f1-6-201/episode_000038
f1-6-201,episode_000039,READY,59.545328813,59.48670530319214,0.9944536882972823,138,161,0,1,59.48670530319214,59.48670530319214,1,801026717,,"138 dropped-frame events, about 161 missing messages | header clock anomaly on 1 topics; convert using MCAP log_time",/home/liumouyun/extended_storage/liumouyun/Datas/f1-6-201/episode_000039
f1-6-201,episode_000040,FRAGMENT_ONLY,55.479995184,53.41270089149475,0.9870290302655961,113,148,1,2,53.02304434776306,39.84197640419006,2,727561012,,"one or more required streams has a gap >200 ms | 113 dropped-frame events, about 148 missing messages | header clock anomaly on 2 topics; convert using MCAP log_time",/home/liumouyun/extended_storage/liumouyun/Datas/f1-6-201/episode_000040
f1-6-201,episode_000041,FRAGMENT_ONLY,56.206294073,53.8891806602478,0.9877526025719534,165,201,3,3,52.244574308395386,23.40043830871582,3,748420534,,"one or more required streams has a gap >200 ms | 165 dropped-frame events, about 201 missing messages | header clock anomaly on 3 topics; convert using MCAP log_time",/home/liumouyun/extended_storage/liumouyun/Datas/f1-6-201/episode_000041
f1-6-201,episode_000042,FRAGMENT_ONLY,62.840831404,62.766130685806274,0.9847528916929548,124,176,3,3,60.275564193725586,39.65873169898987,3,833511704,,"one or more required streams has a gap >200 ms | 124 dropped-frame events, about 176 missing messages | header clock anomaly on 3 topics; convert using MCAP log_time",/home/liumouyun/extended_storage/liumouyun/Datas/f1-6-201/episode_000042
f1-6-201,episode_000043,FRAGMENT_ONLY,145.024915009,144.97282242774963,0.9936262235374459,307,366,3,4,144.1809229850769,54.50794315338135,3,1931149873,,"one or more required streams has a gap >200 ms | 307 dropped-frame events, about 366 missing messages | header clock anomaly on 3 topics; convert using MCAP log_time",/home/liumouyun/extended_storage/liumouyun/Datas/f1-6-201/episode_000043
f1-6-201,episode_000044,FRAGMENT_ONLY,61.161751266,61.12513041496277,0.991332611050921,125,185,4,3,60.58607244491577,29.42489790916443,3,814480327,,"one or more required streams has a gap >200 ms | 125 dropped-frame events, about 185 missing messages | header clock anomaly on 3 topics; convert using MCAP log_time",/home/liumouyun/extended_storage/liumouyun/Datas/f1-6-201/episode_000044
f1-6-201,episode_000045,READY,56.34515823,56.28639483451843,0.9994138335287222,103,111,0,1,56.28639483451843,56.28639483451843,2,750741596,,"103 dropped-frame events, about 111 missing messages | header clock anomaly on 2 topics; convert using MCAP log_time",/home/liumouyun/extended_storage/liumouyun/Datas/f1-6-201/episode_000045
f1-6-201,episode_000046,FRAGMENT_ONLY,62.832787905,62.765639305114746,0.9942166140904312,126,155,1,2,62.4431574344635,34.87472891807556,3,843163335,,"one or more required streams has a gap >200 ms | 126 dropped-frame events, about 155 missing messages | header clock anomaly on 3 topics; convert using MCAP log_time",/home/liumouyun/extended_storage/liumouyun/Datas/f1-6-201/episode_000046
f1-6-201,episode_000047,FRAGMENT_ONLY,58.311090433,58.24505257606506,0.9875354107648725,147,184,4,3,52.760762453079224,30.21476721763611,2,783386107,,"one or more required streams has a gap >200 ms | 147 dropped-frame events, about 184 missing messages | header clock anomaly on 2 topics; convert using MCAP log_time",/home/liumouyun/extended_storage/liumouyun/Datas/f1-6-201/episode_000047
f1-6-201,episode_000048,FRAGMENT_ONLY,60.637481201,60.579299449920654,0.9907407407407407,159,185,3,3,56.66217637062073,26.149303436279297,2,820116701,,"one or more required streams has a gap >200 ms | 159 dropped-frame events, about 185 missing messages | header clock anomaly on 2 topics; convert using MCAP log_time",/home/liumouyun/extended_storage/liumouyun/Datas/f1-6-201/episode_000048
f1-6-201,episode_000049,FRAGMENT_ONLY,57.488533137,54.44585418701172,0.9951515151515151,105,125,1,2,54.245625257492065,35.18042349815369,3,757142347,,"one or more required streams has a gap >200 ms | 105 dropped-frame events, about 125 missing messages | header clock anomaly on 3 topics; convert using MCAP log_time",/home/liumouyun/extended_storage/liumouyun/Datas/f1-6-201/episode_000049
f1-6-201,episode_000050,FRAGMENT_ONLY,54.989063249,52.658127784729004,0.986833855799373,144,173,4,4,51.654420614242554,28.2446870803833,2,729424243,,"one or more required streams has a gap >200 ms | 144 dropped-frame events, about 173 missing messages | header clock anomaly on 2 topics; convert using MCAP log_time",/home/liumouyun/extended_storage/liumouyun/Datas/f1-6-201/episode_000050
f1-6-201,episode_000051,READY,57.736356489,57.68030786514282,0.9988558352402745,157,165,0,1,57.68030786514282,57.68030786514282,2,772434097,,"157 dropped-frame events, about 165 missing messages | header clock anomaly on 2 topics; convert using MCAP log_time",/home/liumouyun/extended_storage/liumouyun/Datas/f1-6-201/episode_000051
f1-6-201,episode_000052,FRAGMENT_ONLY,62.105585062,59.67227387428284,0.9878318584070797,118,160,3,4,58.9115777015686,21.90143060684204,2,822666928,,"one or more required streams has a gap >200 ms | 118 dropped-frame events, about 160 missing messages | header clock anomaly on 2 topics; convert using MCAP log_time",/home/liumouyun/extended_storage/liumouyun/Datas/f1-6-201/episode_000052
f1-6-201,episode_000053,FRAGMENT_ONLY,55.364116665,55.296512603759766,0.9868656716417911,144,182,3,3,51.73111033439636,27.31415605545044,3,742043719,,"one or more required streams has a gap >200 ms | 144 dropped-frame events, about 182 missing messages | header clock anomaly on 3 topics; convert using MCAP log_time",/home/liumouyun/extended_storage/liumouyun/Datas/f1-6-201/episode_000053
f1-6-201,episode_000054,FRAGMENT_ONLY,56.756241962,53.77793908119202,0.9846531614487416,103,141,3,3,49.62776279449463,26.308457136154175,3,753194940,,"one or more required streams has a gap >200 ms | 103 dropped-frame events, about 141 missing messages | header clock anomaly on 3 topics; convert using MCAP log_time",/home/liumouyun/extended_storage/liumouyun/Datas/f1-6-201/episode_000054
f1-6-201,episode_000055,FRAGMENT_ONLY,56.98396848,56.904658794403076,0.990139211136891,142,168,2,2,55.98092555999756,37.443456172943115,1,765529618,,"one or more required streams has a gap >200 ms | 142 dropped-frame events, about 168 missing messages | header clock anomaly on 1 topics; convert using MCAP log_time",/home/liumouyun/extended_storage/liumouyun/Datas/f1-6-201/episode_000055
f1-6-201,episode_000056,FRAGMENT_ONLY,60.382561405,60.323540449142456,0.9863238512035011,164,200,3,3,55.02932834625244,23.84036159515381,1,807689010,,"one or more required streams has a gap >200 ms | 164 dropped-frame events, about 200 missing messages | header clock anomaly on 1 topics; convert using MCAP log_time",/home/liumouyun/extended_storage/liumouyun/Datas/f1-6-201/episode_000056
f1-6-201,episode_000057,FRAGMENT_ONLY,62.687066441,60.156495094299316,0.9846407021393307,142,182,5,4,58.47529911994934,26.465229272842407,2,826452224,,"one or more required streams has a gap >200 ms | 142 dropped-frame events, about 182 missing messages | header clock anomaly on 2 topics; convert using MCAP log_time",/home/liumouyun/extended_storage/liumouyun/Datas/f1-6-201/episode_000057
f1-6-201,episode_000058,FRAGMENT_ONLY,61.959156849,59.344664335250854,0.9927697441601779,177,205,1,2,59.088746070861816,30.926436185836792,3,819575381,,"one or more required streams has a gap >200 ms | 177 dropped-frame events, about 205 missing messages | header clock anomaly on 3 topics; convert using MCAP log_time",/home/liumouyun/extended_storage/liumouyun/Datas/f1-6-201/episode_000058
f1-6-201,episode_000059,FRAGMENT_ONLY,56.506023767,56.429173707962036,0.9865497076023392,107,145,3,3,51.25143504142761,25.607634782791138,1,756876051,,"one or more required streams has a gap >200 ms | 107 dropped-frame events, about 145 missing messages | header clock anomaly on 1 topics; convert using MCAP log_time",/home/liumouyun/extended_storage/liumouyun/Datas/f1-6-201/episode_000059
f1-6-201,episode_000060,READY,58.888018692,58.805790185928345,0.9949494949494949,156,177,0,1,58.805790185928345,58.805790185928345,3,791555125,,"156 dropped-frame events, about 177 missing messages | header clock anomaly on 3 topics; convert using MCAP log_time",/home/liumouyun/extended_storage/liumouyun/Datas/f1-6-201/episode_000060
f1-6-201,episode_000061,READY,54.084598508,52.03907132148743,0.9955611921369689,147,163,0,1,52.03907132148743,52.03907132148743,0,706801231,,"147 dropped-frame events, about 163 missing messages",/home/liumouyun/extended_storage/liumouyun/Datas/f1-6-201/episode_000061
f1-6-201,episode_000062,FRAGMENT_ONLY,58.790218146,57.22362685203552,0.9867435158501441,133,162,2,2,56.13379096984863,43.2140531539917,3,777462446,,"one or more required streams has a gap >200 ms | 133 dropped-frame events, about 162 missing messages | header clock anomaly on 3 topics; convert using MCAP log_time",/home/liumouyun/extended_storage/liumouyun/Datas/f1-6-201/episode_000062
f1-6-201,episode_000063,FRAGMENT_ONLY,58.809059276,58.763479709625244,0.9876473891072431,187,215,2,2,56.614203453063965,32.278809547424316,3,789577510,,"one or more required streams has a gap >200 ms | 187 dropped-frame events, about 215 missing messages | header clock anomaly on 3 topics; convert using MCAP log_time",/home/liumouyun/extended_storage/liumouyun/Datas/f1-6-201/episode_000063
f1-6-201,episode_000064,FRAGMENT_ONLY,56.087664128,56.02159786224365,0.9923394225103123,206,229,2,2,54.58600926399231,31.03301739692688,1,754222621,,"one or more required streams has a gap >200 ms | 206 dropped-frame events, about 229 missing messages | header clock anomaly on 1 topics; convert using MCAP log_time",/home/liumouyun/extended_storage/liumouyun/Datas/f1-6-201/episode_000064
f1-6-201,episode_000065,FRAGMENT_ONLY,61.967523942,59.89101982116699,0.9922865013774105,159,187,1,2,59.49066185951233,48.21823239326477,2,811641647,,"one or more required streams has a gap >200 ms | 159 dropped-frame events, about 187 missing messages | header clock anomaly on 2 topics; convert using MCAP log_time",/home/liumouyun/extended_storage/liumouyun/Datas/f1-6-201/episode_000065
f1-6-201,episode_000066,FRAGMENT_ONLY,59.260201544,59.21067810058594,0.9899665551839465,168,192,1,2,58.75463628768921,35.629233837127686,3,791264283,,"one or more required streams has a gap >200 ms | 168 dropped-frame events, about 192 missing messages | header clock anomaly on 3 topics; convert using MCAP log_time",/home/liumouyun/extended_storage/liumouyun/Datas/f1-6-201/episode_000066
f1-6-201,episode_000067,FRAGMENT_ONLY,57.782046961,57.73357963562012,0.9857061177815895,111,145,3,2,54.255664110183716,44.500643491744995,2,774134775,,"one or more required streams has a gap >200 ms | 111 dropped-frame events, about 145 missing messages | header clock anomaly on 2 topics; convert using MCAP log_time",/home/liumouyun/extended_storage/liumouyun/Datas/f1-6-201/episode_000067
f1-6-201,episode_000068,FRAGMENT_ONLY,56.606976159,54.65979027748108,0.9891304347826086,174,204,2,2,51.13323903083801,41.10979652404785,2,752181138,,"one or more required streams has a gap >200 ms | 174 dropped-frame events, about 204 missing messages | header clock anomaly on 2 topics; convert using MCAP log_time",/home/liumouyun/extended_storage/liumouyun/Datas/f1-6-201/episode_000068
f1-6-201,episode_000069,READY,53.173975288,53.117085456848145,0.9950279676817899,120,133,0,1,53.117085456848145,53.117085456848145,3,712752304,,"120 dropped-frame events, about 133 missing messages | header clock anomaly on 3 topics; convert using MCAP log_time",/home/liumouyun/extended_storage/liumouyun/Datas/f1-6-201/episode_000069
f1-6-201,episode_000070,READY,54.693431138,54.62371611595154,1.0,167,167,0,1,54.62371611595154,54.62371611595154,3,739528925,,"167 dropped-frame events, about 167 missing messages | header clock anomaly on 3 topics; convert using MCAP log_time",/home/liumouyun/extended_storage/liumouyun/Datas/f1-6-201/episode_000070
f1-6-201,episode_000071,FRAGMENT_ONLY,52.890250863,52.54806089401245,0.9830402010050251,141,173,3,2,47.882203102111816,34.75327205657959,3,709299676,,"one or more required streams has a gap >200 ms | 141 dropped-frame events, about 173 missing messages | header clock anomaly on 3 topics; convert using MCAP log_time",/home/liumouyun/extended_storage/liumouyun/Datas/f1-6-201/episode_000071
f1-6-201,episode_000072,FRAGMENT_ONLY,61.231520899,61.199610471725464,0.9902912621359223,173,207,2,3,60.66487240791321,24.20288109779358,3,822981596,,"one or more required streams has a gap >200 ms | 173 dropped-frame events, about 207 missing messages | header clock anomaly on 3 topics; convert using MCAP log_time",/home/liumouyun/extended_storage/liumouyun/Datas/f1-6-201/episode_000072
f1-6-201,episode_000073,FRAGMENT_ONLY,62.325504798,62.26275372505188,0.9920508744038156,180,205,1,2,61.973201751708984,52.530043601989746,3,835593358,,"one or more required streams has a gap >200 ms | 180 dropped-frame events, about 205 missing messages | header clock anomaly on 3 topics; convert using MCAP log_time",/home/liumouyun/extended_storage/liumouyun/Datas/f1-6-201/episode_000073
f1-6-201,episode_000074,FRAGMENT_ONLY,60.566167583,58.47217035293579,0.989841986455982,128,160,2,2,55.50722599029541,31.88099503517151,3,799072666,,"one or more required streams has a gap >200 ms | 128 dropped-frame events, about 160 missing messages | header clock anomaly on 3 topics; convert using MCAP log_time",/home/liumouyun/extended_storage/liumouyun/Datas/f1-6-201/episode_000074
f1-6-201,episode_000075,FRAGMENT_ONLY,56.776279562,56.712393283843994,0.9866201279813845,161,198,2,3,56.23436450958252,25.741219520568848,3,762430924,,"one or more required streams has a gap >200 ms | 161 dropped-frame events, about 198 missing messages | header clock anomaly on 3 topics; convert using MCAP log_time",/home/liumouyun/extended_storage/liumouyun/Datas/f1-6-201/episode_000075
f1-6-201,episode_000076,FRAGMENT_ONLY,58.883021103,56.14111518859863,0.9923619271445359,198,217,1,2,55.818787813186646,35.16048884391785,2,777892962,,"one or more required streams has a gap >200 ms | 198 dropped-frame events, about 217 missing messages | header clock anomaly on 2 topics; convert using MCAP log_time",/home/liumouyun/extended_storage/liumouyun/Datas/f1-6-201/episode_000076
f1-6-201,episode_000077,READY,58.015546647,57.95130634307861,0.9994305239179955,162,165,0,1,57.95130634307861,57.95130634307861,3,779047232,,"162 dropped-frame events, about 165 missing messages | header clock anomaly on 3 topics; convert using MCAP log_time",/home/liumouyun/extended_storage/liumouyun/Datas/f1-6-201/episode_000077
f1-6-201,episode_000078,FRAGMENT_ONLY,61.414387045,59.46913814544678,0.9833610648918469,143,187,3,2,54.05987477302551,45.23079037666321,2,820354148,,"one or more required streams has a gap >200 ms | 143 dropped-frame events, about 187 missing messages | header clock anomaly on 2 topics; convert using MCAP log_time",/home/liumouyun/extended_storage/liumouyun/Datas/f1-6-201/episode_000078
f1-6-201,episode_000079,READY,59.472980824,59.413883209228516,1.0,132,132,0,1,59.413883209228516,59.413883209228516,2,798777065,,"132 dropped-frame events, about 132 missing messages | header clock anomaly on 2 topics; convert using MCAP log_time",/home/liumouyun/extended_storage/liumouyun/Datas/f1-6-201/episode_000079
f1-6-201,episode_000080,FRAGMENT_ONLY,57.755764155,57.684897661209106,0.9908466819221968,187,216,2,2,52.7591290473938,27.03186583518982,3,781981115,,"one or more required streams has a gap >200 ms | 187 dropped-frame events, about 216 missing messages | header clock anomaly on 3 topics; convert using MCAP log_time",/home/liumouyun/extended_storage/liumouyun/Datas/f1-6-201/episode_000080
f1-6-201,episode_000081,FRAGMENT_ONLY,54.613924569,54.54240822792053,0.9951573849878934,133,148,1,2,54.27581763267517,30.992573022842407,2,733439494,,"one or more required streams has a gap >200 ms | 133 dropped-frame events, about 148 missing messages | header clock anomaly on 2 topics; convert using MCAP log_time",/home/liumouyun/extended_storage/liumouyun/Datas/f1-6-201/episode_000081
f1-6-201,episode_000082,FRAGMENT_ONLY,62.353514265,62.305697441101074,0.9883474576271186,184,227,4,3,59.69752025604248,37.98541808128357,3,842957581,,"one or more required streams has a gap >200 ms | 184 dropped-frame events, about 227 missing messages | header clock anomaly on 3 topics; convert using MCAP log_time",/home/liumouyun/extended_storage/liumouyun/Datas/f1-6-201/episode_000082
f1-6-201,episode_000083,READY,56.691523658,55.10627365112305,0.9976047904191617,146,159,0,1,55.10627365112305,55.10627365112305,3,765956391,,"146 dropped-frame events, about 159 missing messages | header clock anomaly on 3 topics; convert using MCAP log_time",/home/liumouyun/extended_storage/liumouyun/Datas/f1-6-201/episode_000083
f1-6-201,episode_000084,FRAGMENT_ONLY,56.374162759,53.370686292648315,0.9962894248608535,136,153,1,2,53.1469612121582,40.5698926448822,1,734937836,,"one or more required streams has a gap >200 ms | 136 dropped-frame events, about 153 missing messages | header clock anomaly on 1 topics; convert using MCAP log_time",/home/liumouyun/extended_storage/liumouyun/Datas/f1-6-201/episode_000084
f1-6-201,episode_000085,FRAGMENT_ONLY,57.923659779,57.873059034347534,0.9891676168757126,148,183,1,2,57.61724877357483,35.30514121055603,3,778373557,,"one or more required streams has a gap >200 ms | 148 dropped-frame events, about 183 missing messages | header clock anomaly on 3 topics; convert using MCAP log_time",/home/liumouyun/extended_storage/liumouyun/Datas/f1-6-201/episode_000085
f1-6-201,episode_000086,FRAGMENT_ONLY,61.98395965,61.93982720375061,0.9930740543420352,190,215,1,2,61.71344518661499,38.14472436904907,2,837562972,,"one or more required streams has a gap >200 ms | 190 dropped-frame events, about 215 missing messages | header clock anomaly on 2 topics; convert using MCAP log_time",/home/liumouyun/extended_storage/liumouyun/Datas/f1-6-201/episode_000086
f1-6-201,episode_000087,FRAGMENT_ONLY,59.139446432,57.60768413543701,0.9885386819484241,185,216,2,3,56.99417209625244,45.18178367614746,3,788559549,,"one or more required streams has a gap >200 ms | 185 dropped-frame events, about 216 missing messages | header clock anomaly on 3 topics; convert using MCAP log_time",/home/liumouyun/extended_storage/liumouyun/Datas/f1-6-201/episode_000087
f1-6-201,episode_000088,READY,53.908742955,53.852046966552734,0.9969362745098039,120,130,0,1,53.852046966552734,53.852046966552734,0,727806019,,"120 dropped-frame events, about 130 missing messages",/home/liumouyun/extended_storage/liumouyun/Datas/f1-6-201/episode_000088
f1-6-201,episode_000089,FRAGMENT_ONLY,56.029523558,55.85959196090698,0.9870359457866824,158,193,3,3,54.46622395515442,26.542785167694092,2,753904245,,"one or more required streams has a gap >200 ms | 158 dropped-frame events, about 193 missing messages | header clock anomaly on 2 topics; convert using MCAP log_time",/home/liumouyun/extended_storage/liumouyun/Datas/f1-6-201/episode_000089
f1-6-201,episode_000090,FRAGMENT_ONLY,62.4481163,62.384867906570435,0.9883597883597883,196,238,1,2,62.17816781997681,40.16413688659668,2,841038953,,"one or more required streams has a gap >200 ms | 196 dropped-frame events, about 238 missing messages | header clock anomaly on 2 topics; convert using MCAP log_time",/home/liumouyun/extended_storage/liumouyun/Datas/f1-6-201/episode_000090
f1-6-201,episode_000091,FRAGMENT_ONLY,58.994634439,57.04119038581848,0.9924768518518519,224,264,2,3,56.52874183654785,27.08147883415222,2,791777968,,"one or more required streams has a gap >200 ms | 224 dropped-frame events, about 264 missing messages | header clock anomaly on 2 topics; convert using MCAP log_time",/home/liumouyun/extended_storage/liumouyun/Datas/f1-6-201/episode_000091
f1-6-201,episode_000092,READY,67.990409014,67.84622383117676,0.9936770428015564,201,226,0,1,67.84622383117676,67.84622383117676,3,918001756,,"201 dropped-frame events, about 226 missing messages | header clock anomaly on 3 topics; convert using MCAP log_time",/home/liumouyun/extended_storage/liumouyun/Datas/f1-6-201/episode_000092
f1-6-201,episode_000093,FRAGMENT_ONLY,64.169683125,64.10001230239868,0.9938239835306227,192,219,1,2,63.878663539886475,37.978631019592285,3,868264674,,"one or more required streams has a gap >200 ms | 192 dropped-frame events, about 219 missing messages | header clock anomaly on 3 topics; convert using MCAP log_time",/home/liumouyun/extended_storage/liumouyun/Datas/f1-6-201/episode_000093
f1-6-201,episode_000094,FRAGMENT_ONLY,63.406626919,61.28842735290527,0.9940796555435952,189,216,1,1,56.39498710632324,56.39498710632324,3,839944097,,"one or more required streams has a gap >200 ms | 189 dropped-frame events, about 216 missing messages | header clock anomaly on 3 topics; convert using MCAP log_time",/home/liumouyun/extended_storage/liumouyun/Datas/f1-6-201/episode_000094
f1-6-201,episode_000095,FRAGMENT_ONLY,63.744157852,63.66799259185791,0.9849740932642487,149,196,3,4,62.667991638183594,37.096089363098145,2,861380817,,"one or more required streams has a gap >200 ms | 149 dropped-frame events, about 196 missing messages | header clock anomaly on 2 topics; convert using MCAP log_time",/home/liumouyun/extended_storage/liumouyun/Datas/f1-6-201/episode_000095
f1-6-201,episode_000096,FRAGMENT_ONLY,59.387403728,57.82809829711914,0.9885844748858448,138,170,2,2,53.51942181587219,41.00066351890564,2,800078006,,"one or more required streams has a gap >200 ms | 138 dropped-frame events, about 170 missing messages | header clock anomaly on 2 topics; convert using MCAP log_time",/home/liumouyun/extended_storage/liumouyun/Datas/f1-6-201/episode_000096
f1-6-201,episode_000097,FRAGMENT_ONLY,59.927955051,59.8507194519043,0.9911797133406836,173,207,1,2,59.63958120346069,33.131890058517456,2,809854827,,"one or more required streams has a gap >200 ms | 173 dropped-frame events, about 207 missing messages | header clock anomaly on 2 topics; convert using MCAP log_time",/home/liumouyun/extended_storage/liumouyun/Datas/f1-6-201/episode_000097
f1-6-201,episode_000098,FRAGMENT_ONLY,51.402795747,51.35103702545166,0.9942159383033419,96,111,1,1,50.207207918167114,50.207207918167114,1,687828048,,"one or more required streams has a gap >200 ms | 96 dropped-frame events, about 111 missing messages | header clock anomaly on 1 topics; convert using MCAP log_time",/home/liumouyun/extended_storage/liumouyun/Datas/f1-6-201/episode_000098
f1-6-201,episode_000099,READY,57.070638443,57.01068592071533,1.0,137,143,0,1,57.01068592071533,57.01068592071533,0,766222269,,"137 dropped-frame events, about 143 missing messages",/home/liumouyun/extended_storage/liumouyun/Datas/f1-6-201/episode_000099
f1-6-201,episode_000100,READY,54.009253726,53.66221308708191,0.9993849938499385,139,151,0,1,53.66221308708191,53.66221308708191,0,725794300,,"139 dropped-frame events, about 151 missing messages",/home/liumouyun/extended_storage/liumouyun/Datas/f1-6-201/episode_000100
f1-6-201,episode_000101,READY,55.926252272,55.862961292266846,0.9988179669030733,124,132,0,1,55.862961292266846,55.862961292266846,0,759875103,,"124 dropped-frame events, about 132 missing messages",/home/liumouyun/extended_storage/liumouyun/Datas/f1-6-201/episode_000101
f1-6-201,episode_000102,FRAGMENT_ONLY,56.336341315,56.28074669837952,0.992375366568915,174,205,1,2,55.991394996643066,48.97199869155884,2,765800680,,"one or more required streams has a gap >200 ms | 174 dropped-frame events, about 205 missing messages | header clock anomaly on 2 topics; convert using MCAP log_time",/home/liumouyun/extended_storage/liumouyun/Datas/f1-6-201/episode_000102
f1-6-201,episode_000103,READY,65.007710549,62.86112356185913,0.9973753280839895,185,194,0,1,62.86112356185913,62.86112356185913,3,866835872,,"185 dropped-frame events, about 194 missing messages | header clock anomaly on 3 topics; convert using MCAP log_time",/home/liumouyun/extended_storage/liumouyun/Datas/f1-6-201/episode_000103
f1-6-201,episode_000104,FRAGMENT_ONLY,60.336881864,58.178733825683594,0.9892229154849688,172,212,1,2,57.91615581512451,30.063096523284912,2,805245336,,"one or more required streams has a gap >200 ms | 172 dropped-frame events, about 212 missing messages | header clock anomaly on 2 topics; convert using MCAP log_time",/home/liumouyun/extended_storage/liumouyun/Datas/f1-6-201/episode_000104
f1-6-201,episode_000105,FRAGMENT_ONLY,56.264164207,56.21948218345642,0.9853286384976526,185,232,3,3,52.69918155670166,30.39507508277893,3,761967301,,"one or more required streams has a gap >200 ms | 185 dropped-frame events, about 232 missing messages | header clock anomaly on 3 topics; convert using MCAP log_time",/home/liumouyun/extended_storage/liumouyun/Datas/f1-6-201/episode_000105
f1-6-201,episode_000106,READY,57.79750186,57.74880647659302,0.9965714285714286,142,159,0,1,57.74880647659302,57.74880647659302,1,781652075,,"142 dropped-frame events, about 159 missing messages | header clock anomaly on 1 topics; convert using MCAP log_time",/home/liumouyun/extended_storage/liumouyun/Datas/f1-6-201/episode_000106
f1-6-201,episode_000107,READY,51.957187808,51.90896725654602,0.9955499046408137,89,101,0,1,51.90896725654602,51.90896725654602,2,706158946,,"89 dropped-frame events, about 101 missing messages | header clock anomaly on 2 topics; convert using MCAP log_time",/home/liumouyun/extended_storage/liumouyun/Datas/f1-6-201/episode_000107
f1-6-201,episode_000108,FRAGMENT_ONLY,59.569166532,59.51927471160889,0.9866962305986696,139,179,1,2,59.02988052368164,52.717247009277344,3,810352582,,"one or more required streams has a gap >200 ms | 139 dropped-frame events, about 179 missing messages | header clock anomaly on 3 topics; convert using MCAP log_time",/home/liumouyun/extended_storage/liumouyun/Datas/f1-6-201/episode_000108
f1-6-201,episode_000109,FRAGMENT_ONLY,57.584238842,57.51265025138855,0.9902467010900746,180,213,1,2,57.31145262718201,30.047256231307983,3,779838808,,"one or more required streams has a gap >200 ms | 180 dropped-frame events, about 213 missing messages | header clock anomaly on 3 topics; convert using MCAP log_time",/home/liumouyun/extended_storage/liumouyun/Datas/f1-6-201/episode_000109
f1-6-201,episode_000110,FRAGMENT_ONLY,56.993504516,55.73298907279968,0.9887507400828893,128,164,1,1,50.73638677597046,50.73638677597046,3,765889767,,"one or more required streams has a gap >200 ms | 128 dropped-frame events, about 164 missing messages | header clock anomaly on 3 topics; convert using MCAP log_time",/home/liumouyun/extended_storage/liumouyun/Datas/f1-6-201/episode_000110
f1-6-201,episode_000111,FRAGMENT_ONLY,57.848453005,57.78819441795349,0.9977155910908052,158,174,1,2,57.58651542663574,50.96714162826538,2,783856064,,"one or more required streams has a gap >200 ms | 158 dropped-frame events, about 174 missing messages | header clock anomaly on 2 topics; convert using MCAP log_time",/home/liumouyun/extended_storage/liumouyun/Datas/f1-6-201/episode_000111
f1-6-201,episode_000112,READY,55.716271799,55.656325578689575,0.9952550415183867,177,191,0,1,55.656325578689575,55.656325578689575,0,754868767,,"177 dropped-frame events, about 191 missing messages",/home/liumouyun/extended_storage/liumouyun/Datas/f1-6-201/episode_000112
f1-6-201,episode_000113,FRAGMENT_ONLY,57.131063283,57.08597254753113,0.9953757225433526,235,259,1,2,56.797260999679565,30.466543197631836,2,770048966,,"one or more required streams has a gap >200 ms | 235 dropped-frame events, about 259 missing messages | header clock anomaly on 2 topics; convert using MCAP log_time",/home/liumouyun/extended_storage/liumouyun/Datas/f1-6-201/episode_000113
f1-6-201,episode_000114,FRAGMENT_ONLY,56.621029614,53.53574204444885,0.9889025893958077,197,233,1,2,53.313636779785156,45.148274183273315,3,747418158,,"one or more required streams has a gap >200 ms | 197 dropped-frame events, about 233 missing messages | header clock anomaly on 3 topics; convert using MCAP log_time",/home/liumouyun/extended_storage/liumouyun/Datas/f1-6-201/episode_000114
f1-6-201,episode_000115,FRAGMENT_ONLY,59.211935987,59.144113063812256,0.9888392857142857,200,238,3,3,53.845574617385864,22.715927600860596,2,800598662,,"one or more required streams has a gap >200 ms | 200 dropped-frame events, about 238 missing messages | header clock anomaly on 2 topics; convert using MCAP log_time",/home/liumouyun/extended_storage/liumouyun/Datas/f1-6-201/episode_000115
f1-6-201,episode_000116,READY,58.129330078,58.04219937324524,0.9977259806708357,213,225,0,1,58.04219937324524,58.04219937324524,2,791249658,,"213 dropped-frame events, about 225 missing messages | header clock anomaly on 2 topics; convert using MCAP log_time",/home/liumouyun/extended_storage/liumouyun/Datas/f1-6-201/episode_000116
f1-6-201,episode_000117,FRAGMENT_ONLY,60.700979313,60.63170766830444,0.9896570495372891,251,285,1,2,60.41064500808716,32.0837459564209,3,819326252,,"one or more required streams has a gap >200 ms | 251 dropped-frame events, about 285 missing messages | header clock anomaly on 3 topics; convert using MCAP log_time",/home/liumouyun/extended_storage/liumouyun/Datas/f1-6-201/episode_000117
f1-6-201,episode_000118,FRAGMENT_ONLY,54.881990592,54.81910824775696,0.9927797833935018,122,146,1,2,54.59624242782593,32.30359721183777,1,744028084,,"one or more required streams has a gap >200 ms | 122 dropped-frame events, about 146 missing messages | header clock anomaly on 1 topics; convert using MCAP log_time",/home/liumouyun/extended_storage/liumouyun/Datas/f1-6-201/episode_000118
f1-6-201,episode_000119,FRAGMENT_ONLY,54.394252144,54.31833600997925,0.9933171324422844,91,109,1,2,54.02978777885437,48.04460406303406,3,738706898,,"one or more required streams has a gap >200 ms | 91 dropped-frame events, about 109 missing messages | header clock anomaly on 3 topics; convert using MCAP log_time",/home/liumouyun/extended_storage/liumouyun/Datas/f1-6-201/episode_000119
f1-6-201,episode_000120,FRAGMENT_ONLY,55.999571695,55.86079144477844,0.96751329001772,201,285,6,3,44.627208948135376,19.601033210754395,2,762486547,,"one or more required streams has a gap >200 ms | 201 dropped-frame events, about 285 missing messages | header clock anomaly on 2 topics; convert using MCAP log_time",/home/liumouyun/extended_storage/liumouyun/Datas/f1-6-201/episode_000120
f1-6-201,episode_000121,FRAGMENT_ONLY,53.998995745,53.93981146812439,0.9932680538555692,144,164,1,2,53.717620611190796,40.36054182052612,2,730802595,,"one or more required streams has a gap >200 ms | 144 dropped-frame events, about 164 missing messages | header clock anomaly on 2 topics; convert using MCAP log_time",/home/liumouyun/extended_storage/liumouyun/Datas/f1-6-201/episode_000121
f1-6-201,episode_000122,FRAGMENT_ONLY,56.891701203,56.6789186000824,0.9935934769947583,172,199,1,2,56.379769802093506,42.51974129676819,3,770546032,,"one or more required streams has a gap >200 ms | 172 dropped-frame events, about 199 missing messages | header clock anomaly on 3 topics; convert using MCAP log_time",/home/liumouyun/extended_storage/liumouyun/Datas/f1-6-201/episode_000122
f1-6-201,episode_000123,FRAGMENT_ONLY,59.675311081,59.60566425323486,0.9767441860465116,198,258,4,2,52.28441882133484,32.11586952209473,3,809372001,,"one or more required streams has a gap >200 ms | 198 dropped-frame events, about 258 missing messages | header clock anomaly on 3 topics; convert using MCAP log_time",/home/liumouyun/extended_storage/liumouyun/Datas/f1-6-201/episode_000123
f1-6-201,episode_000124,FRAGMENT_ONLY,55.25329122,55.18459987640381,0.9946172248803827,198,220,1,2,54.96235370635986,44.51655602455139,2,750038891,,"one or more required streams has a gap >200 ms | 198 dropped-frame events, about 220 missing messages | header clock anomaly on 2 topics; convert using MCAP log_time",/home/liumouyun/extended_storage/liumouyun/Datas/f1-6-201/episode_000124
f1-6-201,episode_000125,READY,56.643272057,54.37141561508179,0.994535519125683,200,228,0,1,54.37141561508179,54.37141561508179,0,751538189,,"200 dropped-frame events, about 228 missing messages",/home/liumouyun/extended_storage/liumouyun/Datas/f1-6-201/episode_000125
f1-6-201,episode_000126,FRAGMENT_ONLY,61.202347586,58.5380334854126,0.9937993235625705,153,170,1,2,58.32326674461365,43.413533210754395,2,825445444,,"one or more required streams has a gap >200 ms | 153 dropped-frame events, about 170 missing messages | header clock anomaly on 2 topics; convert using MCAP log_time",/home/liumouyun/extended_storage/liumouyun/Datas/f1-6-201/episode_000126
f1-6-201,episode_000127,FRAGMENT_ONLY,52.579913119,52.52302360534668,0.9817724701445631,184,226,4,2,44.1661639213562,36.487237215042114,2,708163761,,"one or more required streams has a gap >200 ms | 184 dropped-frame events, about 226 missing messages | header clock anomaly on 2 topics; convert using MCAP log_time",/home/liumouyun/extended_storage/liumouyun/Datas/f1-6-201/episode_000127
f1-6-201,episode_000128,READY,59.728786896,56.99715542793274,0.9971064814814815,157,178,0,1,56.99715542793274,56.99715542793274,1,796246870,,"157 dropped-frame events, about 178 missing messages | header clock anomaly on 1 topics; convert using MCAP log_time",/home/liumouyun/extended_storage/liumouyun/Datas/f1-6-201/episode_000128
f1-6-201,episode_000129,READY,59.86892367,59.7825071811676,0.9939260077305356,164,195,0,1,59.7825071811676,59.7825071811676,3,815636258,,"164 dropped-frame events, about 195 missing messages | header clock anomaly on 3 topics; convert using MCAP log_time",/home/liumouyun/extended_storage/liumouyun/Datas/f1-6-201/episode_000129
f1-6-201,episode_000130,READY,52.255810858,52.18775796890259,0.9968374446552815,140,156,0,1,52.18775796890259,52.18775796890259,1,709944865,,"140 dropped-frame events, about 156 missing messages | header clock anomaly on 1 topics; convert using MCAP log_time",/home/liumouyun/extended_storage/liumouyun/Datas/f1-6-201/episode_000130
f1-6-201,episode_000131,FRAGMENT_ONLY,55.601210543,52.91374659538269,0.9731752963194011,159,227,5,3,46.40454292297363,27.678940773010254,3,733818249,,"one or more required streams has a gap >200 ms | 159 dropped-frame events, about 227 missing messages | header clock anomaly on 3 topics; convert using MCAP log_time",/home/liumouyun/extended_storage/liumouyun/Datas/f1-6-201/episode_000131
f1-6-201,episode_000132,FRAGMENT_ONLY,54.799680525,54.75467872619629,0.9849397590361446,154,193,4,3,48.08053970336914,25.86528205871582,3,740780156,,"one or more required streams has a gap >200 ms | 154 dropped-frame events, about 193 missing messages | header clock anomaly on 3 topics; convert using MCAP log_time",/home/liumouyun/extended_storage/liumouyun/Datas/f1-6-201/episode_000132
f1-6-201,episode_000133,READY,55.505429419,53.575575828552246,0.9926108374384236,195,235,0,1,53.575575828552246,53.575575828552246,3,742103247,,"195 dropped-frame events, about 235 missing messages | header clock anomaly on 3 topics; convert using MCAP log_time",/home/liumouyun/extended_storage/liumouyun/Datas/f1-6-201/episode_000133
f1-6-201,episode_000134,FRAGMENT_ONLY,53.752546842,51.82615637779236,0.982176957352005,139,179,3,3,47.035534143447876,31.539994955062866,2,710119059,,"one or more required streams has a gap >200 ms | 139 dropped-frame events, about 179 missing messages | header clock anomaly on 2 topics; convert using MCAP log_time",/home/liumouyun/extended_storage/liumouyun/Datas/f1-6-201/episode_000134
f1-6-201,episode_000135,FRAGMENT_ONLY,60.295872383,60.24147987365723,0.9906849315068493,154,185,2,2,58.37612318992615,30.84970235824585,3,808257587,,"one or more required streams has a gap >200 ms | 154 dropped-frame events, about 185 missing messages | header clock anomaly on 3 topics; convert using MCAP log_time",/home/liumouyun/extended_storage/liumouyun/Datas/f1-6-201/episode_000135
f1-6-201,episode_000136,READY,56.398085155,53.534645080566406,0.9944547134935305,146,171,0,1,53.534645080566406,53.534645080566406,2,731223046,,"146 dropped-frame events, about 171 missing messages | header clock anomaly on 2 topics; convert using MCAP log_time",/home/liumouyun/extended_storage/liumouyun/Datas/f1-6-201/episode_000136
f1-6-201,episode_000137,FRAGMENT_ONLY,51.038032185,50.97034788131714,0.9935233160621761,116,141,1,2,50.73587989807129,36.85322833061218,3,682310545,,"one or more required streams has a gap >200 ms | 116 dropped-frame events, about 141 missing messages | header clock anomaly on 3 topics; convert using MCAP log_time",/home/liumouyun/extended_storage/liumouyun/Datas/f1-6-201/episode_000137
f1-6-201,episode_000138,FRAGMENT_ONLY,53.913270415,53.7297728061676,0.9828009828009828,168,210,2,1,50.02005863189697,50.02005863189697,3,717801332,,"one or more required streams has a gap >200 ms | 168 dropped-frame events, about 210 missing messages | header clock anomaly on 3 topics; convert using MCAP log_time",/home/liumouyun/extended_storage/liumouyun/Datas/f1-6-201/episode_000138
f1-6-201,episode_000139,FRAGMENT_ONLY,52.928709771,51.26833891868591,0.9896973599484868,117,144,2,3,50.57920265197754,23.539239406585693,2,699680795,,"one or more required streams has a gap >200 ms | 117 dropped-frame events, about 144 missing messages | header clock anomaly on 2 topics; convert using MCAP log_time",/home/liumouyun/extended_storage/liumouyun/Datas/f1-6-201/episode_000139
f1-6-201,episode_000140,READY,57.730727491,57.671674489974976,0.9948512585812357,217,236,0,1,57.671674489974976,57.671674489974976,3,765091254,,"217 dropped-frame events, about 236 missing messages | header clock anomaly on 3 topics; convert using MCAP log_time",/home/liumouyun/extended_storage/liumouyun/Datas/f1-6-201/episode_000140
f1-6-201,episode_000141,FRAGMENT_ONLY,60.864446923,60.82370400428772,0.9940314704286489,152,172,1,2,60.62215280532837,55.5330855846405,2,813854764,,"one or more required streams has a gap >200 ms | 152 dropped-frame events, about 172 missing messages | header clock anomaly on 2 topics; convert using MCAP log_time",/home/liumouyun/extended_storage/liumouyun/Datas/f1-6-201/episode_000141
f1-6-201,episode_000142,FRAGMENT_ONLY,56.382523282,56.30180311203003,0.9923798358733881,195,222,1,2,56.04499340057373,48.30581855773926,3,750993236,,"one or more required streams has a gap >200 ms | 195 dropped-frame events, about 222 missing messages | header clock anomaly on 3 topics; convert using MCAP log_time",/home/liumouyun/extended_storage/liumouyun/Datas/f1-6-201/episode_000142
f1-6-201,episode_000143,FRAGMENT_ONLY,54.76654348,54.71712827682495,0.9903556359252562,138,163,2,2,52.503905057907104,47.386165380477905,2,733103566,,"one or more required streams has a gap >200 ms | 138 dropped-frame events, about 163 missing messages | header clock anomaly on 2 topics; convert using MCAP log_time",/home/liumouyun/extended_storage/liumouyun/Datas/f1-6-201/episode_000143
f1-6-201,episode_000144,FRAGMENT_ONLY,60.167167976,60.113744497299194,0.9939626783754116,166,186,1,2,59.89197587966919,47.41665840148926,1,803108668,,"one or more required streams has a gap >200 ms | 166 dropped-frame events, about 186 missing messages | header clock anomaly on 1 topics; convert using MCAP log_time",/home/liumouyun/extended_storage/liumouyun/Datas/f1-6-201/episode_000144
f1-6-201,episode_000145,FRAGMENT_ONLY,54.402710167,54.32433462142944,0.9939246658566221,163,180,2,3,53.88053631782532,30.842315912246704,1,726357903,,"one or more required streams has a gap >200 ms | 163 dropped-frame events, about 180 missing messages | header clock anomaly on 1 topics; convert using MCAP log_time",/home/liumouyun/extended_storage/liumouyun/Datas/f1-6-201/episode_000145
f1-6-201,episode_000146,FRAGMENT_ONLY,52.525999724,52.20316982269287,0.9879898862199747,139,167,2,3,51.41294717788696,26.658981561660767,3,704686482,,"one or more required streams has a gap >200 ms | 139 dropped-frame events, about 167 missing messages | header clock anomaly on 3 topics; convert using MCAP log_time",/home/liumouyun/extended_storage/liumouyun/Datas/f1-6-201/episode_000146
f1-6-201,episode_000147,FRAGMENT_ONLY,61.734895129,59.565386056900024,0.9911357340720222,183,214,1,2,59.36443066596985,41.318180322647095,2,804703551,,"one or more required streams has a gap >200 ms | 183 dropped-frame events, about 214 missing messages | header clock anomaly on 2 topics; convert using MCAP log_time",/home/liumouyun/extended_storage/liumouyun/Datas/f1-6-201/episode_000147
f1-6-201,episode_000148,FRAGMENT_ONLY,52.833982939,52.777955770492554,0.9931207004377736,163,188,1,2,52.55305480957031,40.280638456344604,2,710443355,,"one or more required streams has a gap >200 ms | 163 dropped-frame events, about 188 missing messages | header clock anomaly on 2 topics; convert using MCAP log_time",/home/liumouyun/extended_storage/liumouyun/Datas/f1-6-201/episode_000148
f1-6-201,episode_000149,READY,53.55893519,53.495625019073486,0.9969154842689698,142,157,0,1,53.495625019073486,53.495625019073486,2,712486242,,"142 dropped-frame events, about 157 missing messages | header clock anomaly on 2 topics; convert using MCAP log_time",/home/liumouyun/extended_storage/liumouyun/Datas/f1-6-201/episode_000149
f1-6-201,episode_000150,FRAGMENT_ONLY,52.775521322,52.70053958892822,0.9943644333124608,130,151,1,2,52.47831702232361,40.29774713516235,2,710713268,,"one or more required streams has a gap >200 ms | 130 dropped-frame events, about 151 missing messages | header clock anomaly on 2 topics; convert using MCAP log_time",/home/liumouyun/extended_storage/liumouyun/Datas/f1-6-201/episode_000150
f1-6-201,episode_000151,READY,52.388190761,49.30193066596985,0.9953145917001339,161,173,0,1,49.30193066596985,49.30193066596985,3,697328174,,"161 dropped-frame events, about 173 missing messages | header clock anomaly on 3 topics; convert using MCAP log_time",/home/liumouyun/extended_storage/liumouyun/Datas/f1-6-201/episode_000151
f1-6-201,episode_000152,READY,53.63694629,53.58682823181152,0.9950738916256158,195,214,0,1,53.58682823181152,53.58682823181152,2,715062893,,"195 dropped-frame events, about 214 missing messages | header clock anomaly on 2 topics; convert using MCAP log_time",/home/liumouyun/extended_storage/liumouyun/Datas/f1-6-201/episode_000152
f1-6-201,episode_000153,FRAGMENT_ONLY,52.626094504,52.55438446998596,0.9899560577526679,151,179,2,2,51.631579875946045,45.686033725738525,3,707098622,,"one or more required streams has a gap >200 ms | 151 dropped-frame events, about 179 missing messages | header clock anomaly on 3 topics; convert using MCAP log_time",/home/liumouyun/extended_storage/liumouyun/Datas/f1-6-201/episode_000153
f1-6-201,episode_000154,FRAGMENT_ONLY,48.498218988,48.43872570991516,0.9836512261580381,174,212,3,2,45.52890372276306,28.46408724784851,3,650912136,,"one or more required streams has a gap >200 ms | 174 dropped-frame events, about 212 missing messages | header clock anomaly on 3 topics; convert using MCAP log_time",/home/liumouyun/extended_storage/liumouyun/Datas/f1-6-201/episode_000154
f1-6-201,episode_000155,FRAGMENT_ONLY,46.639619707,46.55978751182556,0.9957476966690291,132,148,1,2,46.34325861930847,36.782806634902954,2,628199699,,"one or more required streams has a gap >200 ms | 132 dropped-frame events, about 148 missing messages | header clock anomaly on 2 topics; convert using MCAP log_time",/home/liumouyun/extended_storage/liumouyun/Datas/f1-6-201/episode_000155
f1-6-201,episode_000156,READY,53.236428988,50.95200800895691,0.996116504854369,157,175,0,1,50.95200800895691,50.95200800895691,3,706460365,,"157 dropped-frame events, about 175 missing messages | header clock anomaly on 3 topics; convert using MCAP log_time",/home/liumouyun/extended_storage/liumouyun/Datas/f1-6-201/episode_000156
f1-6-201,episode_000157,FRAGMENT_ONLY,50.194769363,50.108208417892456,0.9888010540184453,176,205,1,2,49.85302233695984,44.31343173980713,3,671105698,,"one or more required streams has a gap >200 ms | 176 dropped-frame events, about 205 missing messages | header clock anomaly on 3 topics; convert using MCAP log_time",/home/liumouyun/extended_storage/liumouyun/Datas/f1-6-201/episode_000157
f1-6-201,episode_000158,FRAGMENT_ONLY,48.12885632,45.49192190170288,0.9927431059506531,123,153,2,2,45.23418307304382,38.57961654663086,3,626413811,,"one or more required streams has a gap >200 ms | 123 dropped-frame events, about 153 missing messages | header clock anomaly on 3 topics; convert using MCAP log_time",/home/liumouyun/extended_storage/liumouyun/Datas/f1-6-201/episode_000158
f1-6-201,episode_000159,FRAGMENT_ONLY,50.639625133,48.48469400405884,0.9891082368958475,156,185,2,2,47.30058264732361,33.24644684791565,3,661301232,,"one or more required streams has a gap >200 ms | 156 dropped-frame events, about 185 missing messages | header clock anomaly on 3 topics; convert using MCAP log_time",/home/liumouyun/extended_storage/liumouyun/Datas/f1-6-201/episode_000159
f1-6-201,episode_000160,FRAGMENT_ONLY,49.989642124,49.93548941612244,0.9854689564068693,186,222,4,3,41.35839867591858,22.402489185333252,3,669280772,,"one or more required streams has a gap >200 ms | 186 dropped-frame events, about 222 missing messages | header clock anomaly on 3 topics; convert using MCAP log_time",/home/liumouyun/extended_storage/liumouyun/Datas/f1-6-201/episode_000160
f1-6-201,episode_000161,FRAGMENT_ONLY,52.052405928,49.90268015861511,0.9814814814814815,168,217,4,1,42.95651817321777,42.95651817321777,1,681135759,,"one or more required streams has a gap >200 ms | 168 dropped-frame events, about 217 missing messages | header clock anomaly on 1 topics; convert using MCAP log_time",/home/liumouyun/extended_storage/liumouyun/Datas/f1-6-201/episode_000161
f1-6-201,episode_000162,FRAGMENT_ONLY,51.554585475,51.48386478424072,0.9891025641025641,141,167,2,2,50.794610023498535,36.10910081863403,3,690171239,,"one or more required streams has a gap >200 ms | 141 dropped-frame events, about 167 missing messages | header clock anomaly on 3 topics; convert using MCAP log_time",/home/liumouyun/extended_storage/liumouyun/Datas/f1-6-201/episode_000162
f1-6-201,episode_000163,FRAGMENT_ONLY,50.855531886,50.78095507621765,0.9941520467836257,105,123,1,1,48.55747747421265,48.55747747421265,2,688497064,,"one or more required streams has a gap >200 ms | 105 dropped-frame events, about 123 missing messages | header clock anomaly on 2 topics; convert using MCAP log_time",/home/liumouyun/extended_storage/liumouyun/Datas/f1-6-201/episode_000163
f1-6-201,episode_000164,FRAGMENT_ONLY,53.132797947,53.05322241783142,0.9881767268201618,173,215,1,2,52.66373372077942,36.794920206069946,2,718272774,,"one or more required streams has a gap >200 ms | 173 dropped-frame events, about 215 missing messages | header clock anomaly on 2 topics; convert using MCAP log_time",/home/liumouyun/extended_storage/liumouyun/Datas/f1-6-201/episode_000164
f1-6-201,episode_000165,FRAGMENT_ONLY,50.736404533,47.8572142124176,0.9924190213645762,176,200,2,2,43.50000619888306,30.50239109992981,0,653871784,,"one or more required streams has a gap >200 ms | 176 dropped-frame events, about 200 missing messages",/home/liumouyun/extended_storage/liumouyun/Datas/f1-6-201/episode_000165
f1-6-201,episode_000166,READY,58.413222951,56.125969886779785,0.9964726631393298,144,165,0,1,56.125969886779785,56.125969886779785,2,764718243,,"144 dropped-frame events, about 165 missing messages | header clock anomaly on 2 topics; convert using MCAP log_time",/home/liumouyun/extended_storage/liumouyun/Datas/f1-6-201/episode_000166
f1-6-201,episode_000167,READY,53.460718979,50.51896095275879,0.9974042829331603,144,157,0,1,50.51896095275879,50.51896095275879,1,696237040,,"144 dropped-frame events, about 157 missing messages | header clock anomaly on 1 topics; convert using MCAP log_time",/home/liumouyun/extended_storage/liumouyun/Datas/f1-6-201/episode_000167
f1-6-201,episode_000168,READY,53.538873842,53.46354341506958,0.9888888888888889,140,174,0,1,53.46354341506958,53.46354341506958,2,713730315,,"140 dropped-frame events, about 174 missing messages | header clock anomaly on 2 topics; convert using MCAP log_time",/home/liumouyun/extended_storage/liumouyun/Datas/f1-6-201/episode_000168
f1-6-201,episode_000169,READY,53.601023605,53.52713131904602,0.9969173859432799,199,213,0,1,53.52713131904602,53.52713131904602,2,714563694,,"199 dropped-frame events, about 213 missing messages | header clock anomaly on 2 topics; convert using MCAP log_time",/home/liumouyun/extended_storage/liumouyun/Datas/f1-6-201/episode_000169
f1-6-201,episode_000170,FRAGMENT_ONLY,63.643089835,63.57740044593811,0.9937694704049844,165,188,2,3,63.03302502632141,25.841485023498535,2,855521065,,"one or more required streams has a gap >200 ms | 165 dropped-frame events, about 188 missing messages | header clock anomaly on 2 topics; convert using MCAP log_time",/home/liumouyun/extended_storage/liumouyun/Datas/f1-6-201/episode_000170
f1-6-201,episode_000171,FRAGMENT_ONLY,58.213681334,58.15827965736389,0.9841089670828603,167,212,2,2,54.665016651153564,33.1376895904541,3,784192992,,"one or more required streams has a gap >200 ms | 167 dropped-frame events, about 212 missing messages | header clock anomaly on 3 topics; convert using MCAP log_time",/home/liumouyun/extended_storage/liumouyun/Datas/f1-6-201/episode_000171
f1-6-201,episode_000172,FRAGMENT_ONLY,57.45624647,57.3990261554718,0.9913743530764807,238,273,1,2,57.17693591117859,32.903555393218994,2,774308635,,"one or more required streams has a gap >200 ms | 238 dropped-frame events, about 273 missing messages | header clock anomaly on 2 topics; convert using MCAP log_time",/home/liumouyun/extended_storage/liumouyun/Datas/f1-6-201/episode_000172
f1-6-201,episode_000173,FRAGMENT_ONLY,53.924417981,53.833908796310425,0.9834558823529411,182,229,4,3,48.52277112007141,22.204270601272583,3,727757526,,"one or more required streams has a gap >200 ms | 182 dropped-frame events, about 229 missing messages | header clock anomaly on 3 topics; convert using MCAP log_time",/home/liumouyun/extended_storage/liumouyun/Datas/f1-6-201/episode_000173
f1-6-201,episode_000174,FRAGMENT_ONLY,51.990593781,50.06627082824707,0.9907773386034255,108,133,1,2,49.74471306800842,34.44923686981201,1,683877998,,"one or more required streams has a gap >200 ms | 108 dropped-frame events, about 133 missing messages | header clock anomaly on 1 topics; convert using MCAP log_time",/home/liumouyun/extended_storage/liumouyun/Datas/f1-6-201/episode_000174
f1-6-201,episode_000175,FRAGMENT_ONLY,52.918632148,52.84055137634277,0.9818863210493441,171,223,3,2,48.01502346992493,38.81548523902893,3,711502891,,"one or more required streams has a gap >200 ms | 171 dropped-frame events, about 223 missing messages | header clock anomaly on 3 topics; convert using MCAP log_time",/home/liumouyun/extended_storage/liumouyun/Datas/f1-6-201/episode_000175
f1-6-201,episode_000176,FRAGMENT_ONLY,57.987838855,56.840739488601685,0.9773519163763066,190,252,4,4,52.43044567108154,17.67765712738037,3,773420231,,"one or more required streams has a gap >200 ms | 190 dropped-frame events, about 252 missing messages | header clock anomaly on 3 topics; convert using MCAP log_time",/home/liumouyun/extended_storage/liumouyun/Datas/f1-6-201/episode_000176
f1-6-201,episode_000177,FRAGMENT_ONLY,52.403479484,52.329939126968384,0.989281210592686,146,173,1,2,51.941447496414185,43.555513858795166,3,702428286,,"one or more required streams has a gap >200 ms | 146 dropped-frame events, about 173 missing messages | header clock anomaly on 3 topics; convert using MCAP log_time",/home/liumouyun/extended_storage/liumouyun/Datas/f1-6-201/episode_000177
f1-6-201,episode_000178,READY,55.434726022,55.37381625175476,0.9958283671036948,155,173,0,1,55.37381625175476,55.37381625175476,2,739946294,,"155 dropped-frame events, about 173 missing messages | header clock anomaly on 2 topics; convert using MCAP log_time",/home/liumouyun/extended_storage/liumouyun/Datas/f1-6-201/episode_000178
f1-6-201,episode_000179,FRAGMENT_ONLY,56.447625593,56.32458519935608,0.9923842999414177,182,201,2,2,55.82152485847473,41.392757177352905,3,760855400,,"one or more required streams has a gap >200 ms | 182 dropped-frame events, about 201 missing messages | header clock anomaly on 3 topics; convert using MCAP log_time",/home/liumouyun/extended_storage/liumouyun/Datas/f1-6-201/episode_000179
f1-6-201,episode_000180,FRAGMENT_ONLY,49.954153452,49.86960554122925,0.9880873593646592,160,194,2,2,49.11252522468567,26.496588468551636,3,667657907,,"one or more required streams has a gap >200 ms | 160 dropped-frame events, about 194 missing messages | header clock anomaly on 3 topics; convert using MCAP log_time",/home/liumouyun/extended_storage/liumouyun/Datas/f1-6-201/episode_000180
f1-6-201,episode_000181,FRAGMENT_ONLY,53.393917718,51.1150438785553,0.9922530664945126,170,199,1,2,50.893248319625854,41.916168212890625,2,695305309,,"one or more required streams has a gap >200 ms | 170 dropped-frame events, about 199 missing messages | header clock anomaly on 2 topics; convert using MCAP log_time",/home/liumouyun/extended_storage/liumouyun/Datas/f1-6-201/episode_000181
f1-6-201,episode_000182,READY,45.257286971,43.25657391548157,0.9969488939740656,100,111,0,1,43.25657391548157,43.25657391548157,2,599793841,,"100 dropped-frame events, about 111 missing messages | header clock anomaly on 2 topics; convert using MCAP log_time",/home/liumouyun/extended_storage/liumouyun/Datas/f1-6-201/episode_000182
f1-6-201,episode_000183,READY,53.970702577,53.92208242416382,0.9902080783353733,167,203,0,1,53.92208242416382,53.92208242416382,3,720762323,,"167 dropped-frame events, about 203 missing messages | header clock anomaly on 3 topics; convert using MCAP log_time",/home/liumouyun/extended_storage/liumouyun/Datas/f1-6-201/episode_000183
f1-6-201,episode_000184,FRAGMENT_ONLY,53.414336752,53.36092448234558,0.9839307787391842,161,203,4,5,52.25998258590698,23.795177698135376,3,714609721,,"one or more required streams has a gap >200 ms | 161 dropped-frame events, about 203 missing messages | header clock anomaly on 3 topics; convert using MCAP log_time",/home/liumouyun/extended_storage/liumouyun/Datas/f1-6-201/episode_000184
f1-6-201,episode_000185,FRAGMENT_ONLY,58.49771151,58.43240737915039,0.9915302089215132,157,184,1,2,58.108808755874634,34.03978633880615,3,781019415,,"one or more required streams has a gap >200 ms | 157 dropped-frame events, about 184 missing messages | header clock anomaly on 3 topics; convert using MCAP log_time",/home/liumouyun/extended_storage/liumouyun/Datas/f1-6-201/episode_000185
f1-6-201,episode_000186,FRAGMENT_ONLY,59.122916491,58.89490818977356,0.9927170868347339,154,177,1,2,58.605650901794434,40.48364543914795,2,792495056,,"one or more required streams has a gap >200 ms | 154 dropped-frame events, about 177 missing messages | header clock anomaly on 2 topics; convert using MCAP log_time",/home/liumouyun/extended_storage/liumouyun/Datas/f1-6-201/episode_000186
f1-6-201,episode_000187,READY,59.206775132,59.142412185668945,0.9966517857142857,172,191,0,1,59.142412185668945,59.142412185668945,2,796847279,,"172 dropped-frame events, about 191 missing messages | header clock anomaly on 2 topics; convert using MCAP log_time",/home/liumouyun/extended_storage/liumouyun/Datas/f1-6-201/episode_000187
f1-6-201,episode_000188,READY,58.694153129,58.56302261352539,0.9966178128523112,146,161,0,1,58.56302261352539,58.56302261352539,2,784846812,,"146 dropped-frame events, about 161 missing messages | header clock anomaly on 2 topics; convert using MCAP log_time",/home/liumouyun/extended_storage/liumouyun/Datas/f1-6-201/episode_000188
f1-6-201,episode_000189,READY,51.928023149,49.80097270011902,0.9960238568588469,131,141,0,1,49.80097270011902,49.80097270011902,2,680817089,,"131 dropped-frame events, about 141 missing messages | header clock anomaly on 2 topics; convert using MCAP log_time",/home/liumouyun/extended_storage/liumouyun/Datas/f1-6-201/episode_000189
f1-6-201,episode_000190,FRAGMENT_ONLY,54.370887823,54.306360483169556,0.9878493317132442,136,175,2,1,48.39904308319092,48.39904308319092,2,729114022,,"one or more required streams has a gap >200 ms | 136 dropped-frame events, about 175 missing messages | header clock anomaly on 2 topics; convert using MCAP log_time",/home/liumouyun/extended_storage/liumouyun/Datas/f1-6-201/episode_000190
f1-6-201,episode_000191,READY,50.295951268,50.23976492881775,0.9947437582128777,158,178,0,1,50.23976492881775,50.23976492881775,2,675750861,,"158 dropped-frame events, about 178 missing messages | header clock anomaly on 2 topics; convert using MCAP log_time",/home/liumouyun/extended_storage/liumouyun/Datas/f1-6-201/episode_000191
f1-6-201,episode_000192,FRAGMENT_ONLY,57.281981937,57.22200274467468,0.9936562860438293,159,187,1,2,56.966357707977295,37.02761149406433,3,769289790,,"one or more required streams has a gap >200 ms | 159 dropped-frame events, about 187 missing messages | header clock anomaly on 3 topics; convert using MCAP log_time",/home/liumouyun/extended_storage/liumouyun/Datas/f1-6-201/episode_000192
f1-6-201,episode_000193,FRAGMENT_ONLY,54.44429442,54.373008012771606,0.9842233009708737,158,199,3,4,53.32574534416199,20.205564975738525,3,735683566,,"one or more required streams has a gap >200 ms | 158 dropped-frame events, about 199 missing messages | header clock anomaly on 3 topics; convert using MCAP log_time",/home/liumouyun/extended_storage/liumouyun/Datas/f1-6-201/episode_000193
f1-6-201,episode_000194,FRAGMENT_ONLY,56.886977126,55.48952674865723,0.995243757431629,146,160,2,2,51.26026749610901,41.83372759819031,3,758518598,,"one or more required streams has a gap >200 ms | 146 dropped-frame events, about 160 missing messages | header clock anomaly on 3 topics; convert using MCAP log_time",/home/liumouyun/extended_storage/liumouyun/Datas/f1-6-201/episode_000194
f1-6-201,episode_000195,FRAGMENT_ONLY,51.342083672,51.279481172561646,0.9929214929214929,129,149,1,2,50.990835666656494,30.47019338607788,2,690121038,,"one or more required streams has a gap >200 ms | 129 dropped-frame events, about 149 missing messages | header clock anomaly on 2 topics; convert using MCAP log_time",/home/liumouyun/extended_storage/liumouyun/Datas/f1-6-201/episode_000195
f1-6-201,episode_000196,FRAGMENT_ONLY,60.686374412,60.63404130935669,0.9880239520958084,171,208,2,2,58.66340231895447,50.771260261535645,3,821753655,,"one or more required streams has a gap >200 ms | 171 dropped-frame events, about 208 missing messages | header clock anomaly on 3 topics; convert using MCAP log_time",/home/liumouyun/extended_storage/liumouyun/Datas/f1-6-201/episode_000196
f1-6-201,episode_000197,FRAGMENT_ONLY,54.548728057,52.36211037635803,0.989281210592686,122,146,2,3,51.8576340675354,26.327319383621216,2,730035918,,"one or more required streams has a gap >200 ms | 122 dropped-frame events, about 146 missing messages | header clock anomaly on 2 topics; convert using MCAP log_time",/home/liumouyun/extended_storage/liumouyun/Datas/f1-6-201/episode_000197
f1-6-201,episode_000198,READY,53.525941745,53.48789978027344,0.9975323874151758,119,131,0,1,53.48789978027344,53.48789978027344,1,719288557,,"119 dropped-frame events, about 131 missing messages | header clock anomaly on 1 topics; convert using MCAP log_time",/home/liumouyun/extended_storage/liumouyun/Datas/f1-6-201/episode_000198
f1-6-201,episode_000199,FRAGMENT_ONLY,53.282498281,50.661805868148804,0.9856677524429968,108,148,2,3,50.014015674591064,29.105621814727783,3,701836490,,"one or more required streams has a gap >200 ms | 108 dropped-frame events, about 148 missing messages | header clock anomaly on 3 topics; convert using MCAP log_time",/home/liumouyun/extended_storage/liumouyun/Datas/f1-6-201/episode_000199
f1-6-201,episode_000200,READY,54.173532788,54.11215591430664,0.9945088468578401,94,115,0,1,54.11215591430664,54.11215591430664,3,725585849,,"94 dropped-frame events, about 115 missing messages | header clock anomaly on 3 topics; convert using MCAP log_time",/home/liumouyun/extended_storage/liumouyun/Datas/f1-6-201/episode_000200
